Suite/Test/Step Name,Browser,Description,Start time,End time,Duration,Status
LoadEncashment,Chrome 67.0.3396.79,,2018-06-11 10:18:11,2018-06-11 10:18:50,39.254s,FAILED
,,,,,,
Test Cases/EncashmentLogins/LoginCBrown,Chrome 67.0.3396.79,,2018-06-11 10:18:11,2018-06-11 10:18:20,9.290s,PASSED
openBrowser,Chrome 67.0.3396.79,,2018-06-11 10:18:12,2018-06-11 10:18:15,3.716s,PASSED
navigateToUrl,Chrome 67.0.3396.79,,2018-06-11 10:18:15,2018-06-11 10:18:17,1.188s,PASSED
setText,Chrome 67.0.3396.79,,2018-06-11 10:18:17,2018-06-11 10:18:20,3.440s,PASSED
setText,Chrome 67.0.3396.79,,2018-06-11 10:18:20,2018-06-11 10:18:20,0.255s,PASSED
click,Chrome 67.0.3396.79,,2018-06-11 10:18:20,2018-06-11 10:18:20,0.144s,PASSED
,,,,,,
Test Cases/LoadNewEncashment,Chrome 67.0.3396.79,,2018-06-11 10:18:20,2018-06-11 10:18:49,28.838s,FAILED
callTestCase,Chrome 67.0.3396.79,,2018-06-11 10:18:21,2018-06-11 10:18:29,8.175s,PASSED
navigateToUrl,Chrome 67.0.3396.79,,2018-06-11 10:18:29,2018-06-11 10:18:29,0.050s,PASSED
waitForPageLoad,Chrome 67.0.3396.79,,2018-06-11 10:18:29,2018-06-11 10:18:29,0.055s,PASSED
verifyElementPresent,Chrome 67.0.3396.79,,2018-06-11 10:18:29,2018-06-11 10:18:30,0.565s,PASSED
setText,Chrome 67.0.3396.79,,2018-06-11 10:18:30,2018-06-11 10:18:31,1.018s,PASSED
click,Chrome 67.0.3396.79,,2018-06-11 10:18:31,2018-06-11 10:18:31,0.188s,PASSED
click,Chrome 67.0.3396.79,,2018-06-11 10:18:31,2018-06-11 10:18:32,1.220s,PASSED
takeScreenshot,Chrome 67.0.3396.79,,2018-06-11 10:18:32,2018-06-11 10:18:32,0.461s,PASSED
waitForElementVisible,Chrome 67.0.3396.79,,2018-06-11 10:18:32,2018-06-11 10:18:33,0.140s,PASSED
click,Chrome 67.0.3396.79,,2018-06-11 10:18:33,2018-06-11 10:18:33,0.105s,PASSED
takeScreenshot,Chrome 67.0.3396.79,,2018-06-11 10:18:33,2018-06-11 10:18:33,0.396s,PASSED
Statement - div_ValueRequestErrorMessage = com.kms.katalon.core.testobject.ObjectRepository.findTestObject(Object Repository/Page_Clientle Unity/div_ValueRequestErrorMessage),Chrome 67.0.3396.79,,2018-06-11 10:18:33,2018-06-11 10:18:33,0.003s,PASSED
waitForElementVisible,Chrome 67.0.3396.79,,2018-06-11 10:18:33,2018-06-11 10:18:33,0.063s,PASSED
click,Chrome 67.0.3396.79,,2018-06-11 10:18:33,2018-06-11 10:18:33,0.078s,PASSED
takeScreenshot,Chrome 67.0.3396.79,,2018-06-11 10:18:33,2018-06-11 10:18:34,0.315s,PASSED
waitForAngularLoad,Chrome 67.0.3396.79,,2018-06-11 10:18:34,2018-06-11 10:18:49,15.696s,FAILED
