Suite/Test/Step Name,Browser,Description,Start time,End time,Duration,Status
LoadEncashment,Chrome 67.0.3396.79,,2018-06-11 10:18:53,2018-06-11 10:19:21,28.462s,FAILED
,,,,,,
Test Cases/LoadNewEncashment,Chrome 67.0.3396.79,,2018-06-11 10:18:53,2018-06-11 10:19:20,27.295s,FAILED
callTestCase,Chrome 67.0.3396.79,,2018-06-11 10:18:54,2018-06-11 10:19:00,6.358s,PASSED
navigateToUrl,Chrome 67.0.3396.79,,2018-06-11 10:19:00,2018-06-11 10:19:00,0.059s,PASSED
waitForPageLoad,Chrome 67.0.3396.79,,2018-06-11 10:19:00,2018-06-11 10:19:00,0.055s,PASSED
verifyElementPresent,Chrome 67.0.3396.79,,2018-06-11 10:19:00,2018-06-11 10:19:01,0.577s,PASSED
setText,Chrome 67.0.3396.79,,2018-06-11 10:19:01,2018-06-11 10:19:02,1.053s,PASSED
click,Chrome 67.0.3396.79,,2018-06-11 10:19:02,2018-06-11 10:19:02,0.159s,PASSED
click,Chrome 67.0.3396.79,,2018-06-11 10:19:02,2018-06-11 10:19:03,1.224s,PASSED
takeScreenshot,Chrome 67.0.3396.79,,2018-06-11 10:19:03,2018-06-11 10:19:04,0.382s,PASSED
waitForElementVisible,Chrome 67.0.3396.79,,2018-06-11 10:19:04,2018-06-11 10:19:04,0.101s,PASSED
click,Chrome 67.0.3396.79,,2018-06-11 10:19:04,2018-06-11 10:19:04,0.084s,PASSED
takeScreenshot,Chrome 67.0.3396.79,,2018-06-11 10:19:04,2018-06-11 10:19:04,0.374s,PASSED
Statement - div_ValueRequestErrorMessage = com.kms.katalon.core.testobject.ObjectRepository.findTestObject(Object Repository/Page_Clientle Unity/div_ValueRequestErrorMessage),Chrome 67.0.3396.79,,2018-06-11 10:19:04,2018-06-11 10:19:04,0.004s,PASSED
waitForElementVisible,Chrome 67.0.3396.79,,2018-06-11 10:19:04,2018-06-11 10:19:04,0.052s,PASSED
click,Chrome 67.0.3396.79,,2018-06-11 10:19:04,2018-06-11 10:19:04,0.090s,PASSED
takeScreenshot,Chrome 67.0.3396.79,,2018-06-11 10:19:04,2018-06-11 10:19:05,0.282s,PASSED
waitForAngularLoad,Chrome 67.0.3396.79,,2018-06-11 10:19:05,2018-06-11 10:19:20,15.823s,FAILED
