{"devicePlatform":"","logFolder":"C:\\Users\\cbrown\\Katalon Studio\\Encashments\\Reports\\LoadEncashment\\20180611_101851","runData":{"hostName":"CBrown - Bss-L-Cbrown.clientele.local","os":"Windows 7 64bit","katalonVersion":"5.4.2.1","browser":"Chrome 67.0.3396.79","hostAddress":"10.32.88.37","sessionId":"931011768820e7b9b31949fa0b3cb56f","seleniumVersion":"3.7.1","proxyInformation":"ProxyInformation{proxyOption\u003dUSE_SYSTEM, proxyServerType\u003dHTTP, password\u003d, proxyServerAddress\u003d, proxyServerPort\u003d0}","platform":"Windows 7"},"type":"TEST_SUITE","name":"LoadEncashment","id":"Test Suites/LoadEncashment","source":"","message":"Test Cases/LoadNewEncashment FAILED because (of) Unable to wait for Angular to load. (Root cause: org.openqa.selenium.TimeoutException: Expected condition failed: waiting for com.kms.katalon.core.webui.keyword.builtin.WaitForAngularLoadKeyword$1@6edcd0d8 (tried for 15 second(s) with 500 MILLISECONDS interval)\nBuild info: version: \u00273.7.1\u0027, revision: \u00278a0099a\u0027, time: \u00272017-11-06T21:07:36.161Z\u0027\nSystem info: host: \u0027BSS-L-CBROWN\u0027, ip: \u002710.32.88.37\u0027, os.name: \u0027Windows 7\u0027, os.arch: \u0027amd64\u0027, os.version: \u00276.1\u0027, java.version: \u00271.8.0_102\u0027\nDriver info: com.kms.katalon.selenium.driver.CChromeDriver\nCapabilities {acceptInsecureCerts: false, acceptSslCerts: false, applicationCacheEnabled: false, browserConnectionEnabled: false, browserName: chrome, chrome: {chromedriverVersion: 2.35.528161 (5b82f2d2aae0ca..., userDataDir: C:\\Users\\cbrown\\AppData\\Loc...}, cssSelectorsEnabled: true, databaseEnabled: false, handlesAlerts: true, hasTouchScreen: false, javascriptEnabled: true, locationContextEnabled: true, mobileEmulationEnabled: false, nativeEvents: true, networkConnectionEnabled: false, pageLoadStrategy: normal, platform: XP, platformName: XP, rotatable: false, setWindowRect: true, takesHeapSnapshot: true, takesScreenshot: true, unexpectedAlertBehaviour: , unhandledPromptBehavior: , version: 67.0.3396.79, webStorageEnabled: true}\nSession ID: 931011768820e7b9b31949fa0b3cb56f)","description":"","startTime":1528705133159,"endTime":1528705161621,"childRecords":[{"isOptional":false,"type":"TEST_CASE","name":"Test Cases/LoadNewEncashment","id":"Test Cases/LoadNewEncashment","source":"C:\\\\Users\\\\cbrown\\\\Katalon Studio\\\\Encashments\\\\Test Cases\\\\LoadNewEncashment.tc","message":"Test Cases/LoadNewEncashment FAILED because (of) Unable to wait for Angular to load. (Root cause: org.openqa.selenium.TimeoutException: Expected condition failed: waiting for com.kms.katalon.core.webui.keyword.builtin.WaitForAngularLoadKeyword$1@6edcd0d8 (tried for 15 second(s) with 500 MILLISECONDS interval)\nBuild info: version: \u00273.7.1\u0027, revision: \u00278a0099a\u0027, time: \u00272017-11-06T21:07:36.161Z\u0027\nSystem info: host: \u0027BSS-L-CBROWN\u0027, ip: \u002710.32.88.37\u0027, os.name: \u0027Windows 7\u0027, os.arch: \u0027amd64\u0027, os.version: \u00276.1\u0027, java.version: \u00271.8.0_102\u0027\nDriver info: com.kms.katalon.selenium.driver.CChromeDriver\nCapabilities {acceptInsecureCerts: false, acceptSslCerts: false, applicationCacheEnabled: false, browserConnectionEnabled: false, browserName: chrome, chrome: {chromedriverVersion: 2.35.528161 (5b82f2d2aae0ca..., userDataDir: C:\\Users\\cbrown\\AppData\\Loc...}, cssSelectorsEnabled: true, databaseEnabled: false, handlesAlerts: true, hasTouchScreen: false, javascriptEnabled: true, locationContextEnabled: true, mobileEmulationEnabled: false, nativeEvents: true, networkConnectionEnabled: false, pageLoadStrategy: normal, platform: XP, platformName: XP, rotatable: false, setWindowRect: true, takesHeapSnapshot: true, takesScreenshot: true, unexpectedAlertBehaviour: , unhandledPromptBehavior: , version: 67.0.3396.79, webStorageEnabled: true}\nSession ID: 931011768820e7b9b31949fa0b3cb56f)","description":"","startTime":1528705133607,"endTime":1528705160902,"childRecords":[{"testStatus":{"stackTrace":"","statusValue":"INFO"},"type":"MESSAGE","name":"","message":"Evaluating variables for test case","startTime":1528705133671,"endTime":0,"childRecords":[],"interuppted":false},{"index":1,"isIgnoredIfFailed":false,"type":"TEST_STEP","name":"callTestCase","message":"Call Test Case \u0027Test Cases/EncashmentLogins/LoginCBrown\u0027 successfully","description":"","startTime":1528705134213,"endTime":1528705140571,"childRecords":[{"isOptional":false,"type":"TEST_CASE","name":"Test Cases/EncashmentLogins/LoginCBrown","id":"Test Cases/EncashmentLogins/LoginCBrown","source":"C:\\\\Users\\\\cbrown\\\\Katalon Studio\\\\Encashments\\\\Test Cases\\\\EncashmentLogins\\\\LoginCBrown.tc","message":"Test Cases/EncashmentLogins/LoginCBrown","description":"","startTime":1528705134317,"endTime":1528705140563,"childRecords":[{"testStatus":{"stackTrace":"","statusValue":"INFO"},"type":"MESSAGE","name":"","message":"Evaluating variables for test case","startTime":1528705134327,"endTime":0,"childRecords":[],"interuppted":false},{"index":1,"isIgnoredIfFailed":false,"type":"TEST_STEP","name":"openBrowser","message":"Browser is opened with url: \u0027\u0027","description":"","startTime":1528705134491,"endTime":1528705138016,"childRecords":[{"testStatus":{"stackTrace":"","statusValue":"PASSED"},"type":"MESSAGE","name":"","message":"Browser is opened with url: \u0027\u0027","startTime":1528705138015,"endTime":0,"childRecords":[],"interuppted":false}],"interuppted":false},{"index":2,"isIgnoredIfFailed":false,"type":"TEST_STEP","name":"navigateToUrl","message":"Navigate to \u0027http://unitytest.clientele.local/#/\u0027 successfully","description":"","startTime":1528705138017,"endTime":1528705138873,"childRecords":[{"testStatus":{"stackTrace":"","statusValue":"PASSED"},"type":"MESSAGE","name":"","message":"Navigate to \u0027http://unitytest.clientele.local/#/\u0027 successfully","startTime":1528705138872,"endTime":0,"childRecords":[],"interuppted":false}],"interuppted":false},{"index":3,"isIgnoredIfFailed":false,"type":"TEST_STEP","name":"setText","message":"Text \u0027Cbrown\u0027 is set on object \u0027Object Repository/page_UnityLogin_OR/input_username\u0027","description":"","startTime":1528705138874,"endTime":1528705140263,"childRecords":[{"testStatus":{"stackTrace":"","statusValue":"PASSED"},"type":"MESSAGE","name":"","message":"Text \u0027Cbrown\u0027 is set on object \u0027Object Repository/page_UnityLogin_OR/input_username\u0027","startTime":1528705140262,"endTime":0,"childRecords":[],"interuppted":false}],"interuppted":false},{"index":4,"isIgnoredIfFailed":false,"type":"TEST_STEP","name":"setText","message":"Text \u0027MyMayPwrd!2018\u0027 is set on object \u0027Object Repository/page_UnityLogin_OR/input_password\u0027","description":"","startTime":1528705140264,"endTime":1528705140435,"childRecords":[{"testStatus":{"stackTrace":"","statusValue":"PASSED"},"type":"MESSAGE","name":"","message":"Text \u0027MyMayPwrd!2018\u0027 is set on object \u0027Object Repository/page_UnityLogin_OR/input_password\u0027","startTime":1528705140434,"endTime":0,"childRecords":[],"interuppted":false}],"interuppted":false},{"index":5,"isIgnoredIfFailed":false,"type":"TEST_STEP","name":"click","message":"Object: \u0027Object Repository/page_UnityLogin_OR/button_Log in\u0027 is clicked on","description":"","startTime":1528705140435,"endTime":1528705140561,"childRecords":[{"testStatus":{"stackTrace":"","statusValue":"PASSED"},"type":"MESSAGE","name":"","message":"Object: \u0027Object Repository/page_UnityLogin_OR/button_Log in\u0027 is clicked on","startTime":1528705140560,"endTime":0,"childRecords":[],"interuppted":false}],"interuppted":false},{"testStatus":{"stackTrace":"","statusValue":"PASSED"},"type":"MESSAGE","name":"","message":"Test Cases/EncashmentLogins/LoginCBrown","startTime":1528705140561,"endTime":0,"childRecords":[],"interuppted":false}],"interuppted":false},{"testStatus":{"stackTrace":"","statusValue":"PASSED"},"type":"MESSAGE","name":"","message":"Call Test Case \u0027Test Cases/EncashmentLogins/LoginCBrown\u0027 successfully","startTime":1528705140570,"endTime":0,"childRecords":[],"interuppted":false}],"interuppted":false},{"index":2,"isIgnoredIfFailed":false,"type":"TEST_STEP","name":"navigateToUrl","message":"Navigate to \u0027http://unitytest.clientele.local/#/Encashments/\u0027 successfully","description":"","startTime":1528705140572,"endTime":1528705140631,"childRecords":[{"testStatus":{"stackTrace":"","statusValue":"PASSED"},"type":"MESSAGE","name":"","message":"Navigate to \u0027http://unitytest.clientele.local/#/Encashments/\u0027 successfully","startTime":1528705140631,"endTime":0,"childRecords":[],"interuppted":false}],"interuppted":false},{"index":3,"isIgnoredIfFailed":false,"type":"TEST_STEP","name":"waitForPageLoad","message":"Wait for page load successfully","description":"","startTime":1528705140632,"endTime":1528705140687,"childRecords":[{"testStatus":{"stackTrace":"","statusValue":"PASSED"},"type":"MESSAGE","name":"","message":"Wait for page load successfully","startTime":1528705140686,"endTime":0,"childRecords":[],"interuppted":false}],"interuppted":false},{"index":4,"isIgnoredIfFailed":false,"type":"TEST_STEP","name":"verifyElementPresent","message":"Object \u0027Object Repository/Page_Clientle Unity/h1_Clientle Encashments Search\u0027 is present","description":"","startTime":1528705140688,"endTime":1528705141265,"childRecords":[{"testStatus":{"stackTrace":"","statusValue":"PASSED"},"type":"MESSAGE","name":"","message":"Object \u0027Object Repository/Page_Clientle Unity/h1_Clientle Encashments Search\u0027 is present","startTime":1528705141264,"endTime":0,"childRecords":[],"interuppted":false}],"interuppted":false},{"index":5,"isIgnoredIfFailed":false,"type":"TEST_STEP","name":"setText","message":"Text \u0027613016744\u0027 is set on object \u0027Object Repository/Page_Clientle Unity/input_stdPolicySearchSearchTex\u0027","description":"","startTime":1528705141266,"endTime":1528705142319,"childRecords":[{"testStatus":{"stackTrace":"","statusValue":"PASSED"},"type":"MESSAGE","name":"","message":"Text \u0027613016744\u0027 is set on object \u0027Object Repository/Page_Clientle Unity/input_stdPolicySearchSearchTex\u0027","startTime":1528705142318,"endTime":0,"childRecords":[],"interuppted":false}],"interuppted":false},{"index":6,"isIgnoredIfFailed":false,"type":"TEST_STEP","name":"click","message":"Object: \u0027Object Repository/Page_Clientle Unity/button_Search\u0027 is clicked on","description":"","startTime":1528705142320,"endTime":1528705142479,"childRecords":[{"testStatus":{"stackTrace":"","statusValue":"PASSED"},"type":"MESSAGE","name":"","message":"Object: \u0027Object Repository/Page_Clientle Unity/button_Search\u0027 is clicked on","startTime":1528705142478,"endTime":0,"childRecords":[],"interuppted":false}],"interuppted":false},{"index":7,"isIgnoredIfFailed":false,"type":"TEST_STEP","name":"click","message":"Object: \u0027Object Repository/Page_Clientle Unity/a_Details\u0027 is clicked on","description":"","startTime":1528705142479,"endTime":1528705143703,"childRecords":[{"testStatus":{"stackTrace":"","statusValue":"PASSED"},"type":"MESSAGE","name":"","message":"Object: \u0027Object Repository/Page_Clientle Unity/a_Details\u0027 is clicked on","startTime":1528705143702,"endTime":0,"childRecords":[],"interuppted":false}],"interuppted":false},{"attachment":"C:\\\\Users\\\\cbrown\\\\Katalon Studio\\\\Encashments\\\\Reports\\\\LoadEncashment\\\\20180611_101851\\\\1528705143719.png","index":8,"isIgnoredIfFailed":false,"type":"TEST_STEP","name":"takeScreenshot","message":"Taking screenshot successfully","description":"","startTime":1528705143704,"endTime":1528705144086,"childRecords":[{"testStatus":{"stackTrace":"","statusValue":"PASSED"},"attachment":"C:\\\\Users\\\\cbrown\\\\Katalon Studio\\\\Encashments\\\\Reports\\\\LoadEncashment\\\\20180611_101851\\\\1528705143719.png","type":"MESSAGE","name":"","message":"Taking screenshot successfully","startTime":1528705144085,"endTime":0,"childRecords":[],"interuppted":false}],"interuppted":false},{"index":9,"isIgnoredIfFailed":false,"type":"TEST_STEP","name":"waitForElementVisible","message":"Object \u0027Object Repository/Page_Clientle Unity/a_Get Value\u0027 is visible","description":"","startTime":1528705144087,"endTime":1528705144188,"childRecords":[{"testStatus":{"stackTrace":"","statusValue":"PASSED"},"type":"MESSAGE","name":"","message":"Object \u0027Object Repository/Page_Clientle Unity/a_Get Value\u0027 is visible","startTime":1528705144187,"endTime":0,"childRecords":[],"interuppted":false}],"interuppted":false},{"index":10,"isIgnoredIfFailed":false,"type":"TEST_STEP","name":"click","message":"Object: \u0027Object Repository/Page_Clientle Unity/a_Get Value\u0027 is clicked on","description":"","startTime":1528705144188,"endTime":1528705144272,"childRecords":[{"testStatus":{"stackTrace":"","statusValue":"PASSED"},"type":"MESSAGE","name":"","message":"Object: \u0027Object Repository/Page_Clientle Unity/a_Get Value\u0027 is clicked on","startTime":1528705144270,"endTime":0,"childRecords":[],"interuppted":false}],"interuppted":false},{"attachment":"C:\\\\Users\\\\cbrown\\\\Katalon Studio\\\\Encashments\\\\Reports\\\\LoadEncashment\\\\20180611_101851\\\\1528705144276.png","index":11,"isIgnoredIfFailed":false,"type":"TEST_STEP","name":"takeScreenshot","message":"Taking screenshot successfully","description":"","startTime":1528705144272,"endTime":1528705144646,"childRecords":[{"testStatus":{"stackTrace":"","statusValue":"PASSED"},"attachment":"C:\\\\Users\\\\cbrown\\\\Katalon Studio\\\\Encashments\\\\Reports\\\\LoadEncashment\\\\20180611_101851\\\\1528705144276.png","type":"MESSAGE","name":"","message":"Taking screenshot successfully","startTime":1528705144645,"endTime":0,"childRecords":[],"interuppted":false}],"interuppted":false},{"index":12,"isIgnoredIfFailed":false,"type":"TEST_STEP","name":"Statement - div_ValueRequestErrorMessage \u003d com.kms.katalon.core.testobject.ObjectRepository.findTestObject(Object Repository/Page_Clientle Unity/div_ValueRequestErrorMessage)","message":"Finding Test Object with id \u0027Object Repository/Page_Clientle Unity/div_ValueRequestErrorMessage\u0027","description":"","startTime":1528705144647,"endTime":1528705144651,"childRecords":[],"interuppted":false},{"index":13,"isIgnoredIfFailed":false,"type":"TEST_STEP","name":"waitForElementVisible","message":"Object \u0027Object Repository/Page_Clientle Unity/button_Create Encashment\u0027 is visible","description":"","startTime":1528705144651,"endTime":1528705144703,"childRecords":[{"testStatus":{"stackTrace":"","statusValue":"PASSED"},"type":"MESSAGE","name":"","message":"Object \u0027Object Repository/Page_Clientle Unity/button_Create Encashment\u0027 is visible","startTime":1528705144702,"endTime":0,"childRecords":[],"interuppted":false}],"interuppted":false},{"index":14,"isIgnoredIfFailed":false,"type":"TEST_STEP","name":"click","message":"Object: \u0027Object Repository/Page_Clientle Unity/button_Create Encashment\u0027 is clicked on","description":"","startTime":1528705144703,"endTime":1528705144793,"childRecords":[{"testStatus":{"stackTrace":"","statusValue":"PASSED"},"type":"MESSAGE","name":"","message":"Object: \u0027Object Repository/Page_Clientle Unity/button_Create Encashment\u0027 is clicked on","startTime":1528705144792,"endTime":0,"childRecords":[],"interuppted":false}],"interuppted":false},{"attachment":"C:\\\\Users\\\\cbrown\\\\Katalon Studio\\\\Encashments\\\\Reports\\\\LoadEncashment\\\\20180611_101851\\\\1528705144795.png","index":15,"isIgnoredIfFailed":false,"type":"TEST_STEP","name":"takeScreenshot","message":"Taking screenshot successfully","description":"","startTime":1528705144794,"endTime":1528705145076,"childRecords":[{"testStatus":{"stackTrace":"","statusValue":"PASSED"},"attachment":"C:\\\\Users\\\\cbrown\\\\Katalon Studio\\\\Encashments\\\\Reports\\\\LoadEncashment\\\\20180611_101851\\\\1528705144795.png","type":"MESSAGE","name":"","message":"Taking screenshot successfully","startTime":1528705145076,"endTime":0,"childRecords":[],"interuppted":false}],"interuppted":false},{"attachment":"1528705160541.png","index":16,"isIgnoredIfFailed":false,"type":"TEST_STEP","name":"waitForAngularLoad","message":"Unable to wait for Angular to load. (Root cause: org.openqa.selenium.TimeoutException: Expected condition failed: waiting for com.kms.katalon.core.webui.keyword.builtin.WaitForAngularLoadKeyword$1@6edcd0d8 (tried for 15 second(s) with 500 MILLISECONDS interval)\nBuild info: version: \u00273.7.1\u0027, revision: \u00278a0099a\u0027, time: \u00272017-11-06T21:07:36.161Z\u0027\nSystem info: host: \u0027BSS-L-CBROWN\u0027, ip: \u002710.32.88.37\u0027, os.name: \u0027Windows 7\u0027, os.arch: \u0027amd64\u0027, os.version: \u00276.1\u0027, java.version: \u00271.8.0_102\u0027\nDriver info: com.kms.katalon.selenium.driver.CChromeDriver\nCapabilities {acceptInsecureCerts: false, acceptSslCerts: false, applicationCacheEnabled: false, browserConnectionEnabled: false, browserName: chrome, chrome: {chromedriverVersion: 2.35.528161 (5b82f2d2aae0ca..., userDataDir: C:\\Users\\cbrown\\AppData\\Loc...}, cssSelectorsEnabled: true, databaseEnabled: false, handlesAlerts: true, hasTouchScreen: false, javascriptEnabled: true, locationContextEnabled: true, mobileEmulationEnabled: false, nativeEvents: true, networkConnectionEnabled: false, pageLoadStrategy: normal, platform: XP, platformName: XP, rotatable: false, setWindowRect: true, takesHeapSnapshot: true, takesScreenshot: true, unexpectedAlertBehaviour: , unhandledPromptBehavior: , version: 67.0.3396.79, webStorageEnabled: true}\nSession ID: 931011768820e7b9b31949fa0b3cb56f)","description":"","startTime":1528705145076,"endTime":1528705160899,"childRecords":[{"testStatus":{"stackTrace":"","statusValue":"FAILED"},"attachment":"1528705160541.png","type":"MESSAGE","name":"","message":"Unable to wait for Angular to load. (Root cause: org.openqa.selenium.TimeoutException: Expected condition failed: waiting for com.kms.katalon.core.webui.keyword.builtin.WaitForAngularLoadKeyword$1@6edcd0d8 (tried for 15 second(s) with 500 MILLISECONDS interval)\nBuild info: version: \u00273.7.1\u0027, revision: \u00278a0099a\u0027, time: \u00272017-11-06T21:07:36.161Z\u0027\nSystem info: host: \u0027BSS-L-CBROWN\u0027, ip: \u002710.32.88.37\u0027, os.name: \u0027Windows 7\u0027, os.arch: \u0027amd64\u0027, os.version: \u00276.1\u0027, java.version: \u00271.8.0_102\u0027\nDriver info: com.kms.katalon.selenium.driver.CChromeDriver\nCapabilities {acceptInsecureCerts: false, acceptSslCerts: false, applicationCacheEnabled: false, browserConnectionEnabled: false, browserName: chrome, chrome: {chromedriverVersion: 2.35.528161 (5b82f2d2aae0ca..., userDataDir: C:\\Users\\cbrown\\AppData\\Loc...}, cssSelectorsEnabled: true, databaseEnabled: false, handlesAlerts: true, hasTouchScreen: false, javascriptEnabled: true, locationContextEnabled: true, mobileEmulationEnabled: false, nativeEvents: true, networkConnectionEnabled: false, pageLoadStrategy: normal, platform: XP, platformName: XP, rotatable: false, setWindowRect: true, takesHeapSnapshot: true, takesScreenshot: true, unexpectedAlertBehaviour: , unhandledPromptBehavior: , version: 67.0.3396.79, webStorageEnabled: true}\nSession ID: 931011768820e7b9b31949fa0b3cb56f)","startTime":1528705160898,"endTime":0,"childRecords":[],"interuppted":false}],"interuppted":false},{"testStatus":{"stackTrace":"","statusValue":"FAILED"},"type":"MESSAGE","name":"","message":"Test Cases/LoadNewEncashment FAILED because (of) Unable to wait for Angular to load. (Root cause: org.openqa.selenium.TimeoutException: Expected condition failed: waiting for com.kms.katalon.core.webui.keyword.builtin.WaitForAngularLoadKeyword$1@6edcd0d8 (tried for 15 second(s) with 500 MILLISECONDS interval)\nBuild info: version: \u00273.7.1\u0027, revision: \u00278a0099a\u0027, time: \u00272017-11-06T21:07:36.161Z\u0027\nSystem info: host: \u0027BSS-L-CBROWN\u0027, ip: \u002710.32.88.37\u0027, os.name: \u0027Windows 7\u0027, os.arch: \u0027amd64\u0027, os.version: \u00276.1\u0027, java.version: \u00271.8.0_102\u0027\nDriver info: com.kms.katalon.selenium.driver.CChromeDriver\nCapabilities {acceptInsecureCerts: false, acceptSslCerts: false, applicationCacheEnabled: false, browserConnectionEnabled: false, browserName: chrome, chrome: {chromedriverVersion: 2.35.528161 (5b82f2d2aae0ca..., userDataDir: C:\\Users\\cbrown\\AppData\\Loc...}, cssSelectorsEnabled: true, databaseEnabled: false, handlesAlerts: true, hasTouchScreen: false, javascriptEnabled: true, locationContextEnabled: true, mobileEmulationEnabled: false, nativeEvents: true, networkConnectionEnabled: false, pageLoadStrategy: normal, platform: XP, platformName: XP, rotatable: false, setWindowRect: true, takesHeapSnapshot: true, takesScreenshot: true, unexpectedAlertBehaviour: , unhandledPromptBehavior: , version: 67.0.3396.79, webStorageEnabled: true}\nSession ID: 931011768820e7b9b31949fa0b3cb56f)","startTime":1528705160900,"endTime":0,"childRecords":[],"interuppted":false}],"interuppted":false}],"interuppted":false}