Suite/Test/Step Name,Browser,Description,Start time,End time,Duration,Status
LoadEncashment,Chrome 66.0.3359.181,,2018-06-04 11:45:19,2018-06-04 11:45:46,27.153s,FAILED
,,,,,,
Test Cases/EncashmentLogins/LoginCBrown,Chrome 66.0.3359.181,,2018-06-04 11:45:19,2018-06-04 11:45:28,8.488s,FAILED
openBrowser,Chrome 66.0.3359.181,,2018-06-04 11:45:19,2018-06-04 11:45:23,3.708s,PASSED
navigateToUrl,Chrome 66.0.3359.181,,2018-06-04 11:45:23,2018-06-04 11:45:24,1.121s,PASSED
setText,Chrome 66.0.3359.181,,2018-06-04 11:45:24,2018-06-04 11:45:28,3.228s,FAILED
,,,,,,
Test Cases/LoadNewEncashment,Chrome 66.0.3359.181,,2018-06-04 11:45:28,2018-06-04 11:45:45,17.056s,FAILED
Statement - row = 9,Chrome 66.0.3359.181,,2018-06-04 11:45:28,2018-06-04 11:45:28,0.001s,PASSED
navigateToUrl,Chrome 66.0.3359.181,,2018-06-04 11:45:28,2018-06-04 11:45:28,0.063s,PASSED
Statement - button_CloseDrawer = com.kms.katalon.core.testobject.ObjectRepository.findTestObject(Object Repository/Page_Clientle Unity/button__CloseMenuDrawer),Chrome 66.0.3359.181,,2018-06-04 11:45:28,2018-06-04 11:45:28,0.008s,PASSED
click,Chrome 66.0.3359.181,,2018-06-04 11:45:28,2018-06-04 11:45:28,0.337s,PASSED
verifyElementPresent,Chrome 66.0.3359.181,,2018-06-04 11:45:28,2018-06-04 11:45:45,16.271s,FAILED
,,,,,,
Test Cases/UploadDocuments,Chrome 66.0.3359.181,,2018-06-04 11:45:45,2018-06-04 11:45:45,0.359s,ERROR
waitForElementVisible,Chrome 66.0.3359.181,,2018-06-04 11:45:45,2018-06-04 11:45:45,0.008s,PASSED
