{"devicePlatform":"","logFolder":"C:\\Users\\cbrown\\Katalon Studio\\Encashments\\Reports\\LoadEncashment\\20180604_114517","runData":{"hostName":"CBrown - Bss-L-Cbrown.clientele.local","os":"Windows 7 64bit","katalonVersion":"5.4.2.1","browser":"Chrome 66.0.3359.181","hostAddress":"10.32.88.37","sessionId":"68684cb09ebb891c33d17fd842fc8780","seleniumVersion":"3.7.1","proxyInformation":"ProxyInformation{proxyOption\u003dNO_PROXY, proxyServerType\u003dHTTP, password\u003d, proxyServerAddress\u003d, proxyServerPort\u003d0}","platform":"Windows 7"},"type":"TEST_SUITE","name":"LoadEncashment","id":"Test Suites/LoadEncashment","source":"","message":"Test Cases/EncashmentLogins/LoginCBrown FAILED because (of) Unable to set text \u0027Cbrown\u0027 of object \u0027Object Repository/page_UnityLogin_OR/input_username\u0027 (Root cause: org.openqa.selenium.InvalidElementStateException: invalid element state: Element is not currently interactable and may not be manipulated\n  (Session info: chrome\u003d66.0.3359.181)\n  (Driver info: chromedriver\u003d2.35.528161 (5b82f2d2aae0ca24b877009200ced9065a772e73),platform\u003dWindows NT 6.1.7601 SP1 x86_64) (WARNING: The server did not provide any stacktrace information)\nCommand duration or timeout: 0 milliseconds\nBuild info: version: \u00273.7.1\u0027, revision: \u00278a0099a\u0027, time: \u00272017-11-06T21:07:36.161Z\u0027\nSystem info: host: \u0027BSS-L-CBROWN\u0027, ip: \u002710.32.88.37\u0027, os.name: \u0027Windows 7\u0027, os.arch: \u0027amd64\u0027, os.version: \u00276.1\u0027, java.version: \u00271.8.0_102\u0027\nDriver info: com.kms.katalon.selenium.driver.CChromeDriver\nCapabilities {acceptInsecureCerts: false, acceptSslCerts: false, applicationCacheEnabled: false, browserConnectionEnabled: false, browserName: chrome, chrome: {chromedriverVersion: 2.35.528161 (5b82f2d2aae0ca..., userDataDir: C:\\Users\\cbrown\\AppData\\Loc...}, cssSelectorsEnabled: true, databaseEnabled: false, handlesAlerts: true, hasTouchScreen: false, javascriptEnabled: true, locationContextEnabled: true, mobileEmulationEnabled: false, nativeEvents: true, networkConnectionEnabled: false, pageLoadStrategy: normal, platform: XP, platformName: XP, rotatable: false, setWindowRect: true, takesHeapSnapshot: true, takesScreenshot: true, unexpectedAlertBehaviour: , unhandledPromptBehavior: , version: 66.0.3359.181, webStorageEnabled: true}\nSession ID: 68684cb09ebb891c33d17fd842fc8780)","description":"","startTime":1528105519057,"endTime":1528105546210,"childRecords":[{"isOptional":false,"type":"TEST_CASE","name":"Test Cases/EncashmentLogins/LoginCBrown","id":"Test Cases/EncashmentLogins/LoginCBrown","source":"C:\\\\Users\\\\cbrown\\\\Katalon Studio\\\\Encashments\\\\Test Cases\\\\EncashmentLogins\\\\LoginCBrown.tc","message":"Test Cases/EncashmentLogins/LoginCBrown FAILED because (of) Unable to set text \u0027Cbrown\u0027 of object \u0027Object Repository/page_UnityLogin_OR/input_username\u0027 (Root cause: org.openqa.selenium.InvalidElementStateException: invalid element state: Element is not currently interactable and may not be manipulated\n  (Session info: chrome\u003d66.0.3359.181)\n  (Driver info: chromedriver\u003d2.35.528161 (5b82f2d2aae0ca24b877009200ced9065a772e73),platform\u003dWindows NT 6.1.7601 SP1 x86_64) (WARNING: The server did not provide any stacktrace information)\nCommand duration or timeout: 0 milliseconds\nBuild info: version: \u00273.7.1\u0027, revision: \u00278a0099a\u0027, time: \u00272017-11-06T21:07:36.161Z\u0027\nSystem info: host: \u0027BSS-L-CBROWN\u0027, ip: \u002710.32.88.37\u0027, os.name: \u0027Windows 7\u0027, os.arch: \u0027amd64\u0027, os.version: \u00276.1\u0027, java.version: \u00271.8.0_102\u0027\nDriver info: com.kms.katalon.selenium.driver.CChromeDriver\nCapabilities {acceptInsecureCerts: false, acceptSslCerts: false, applicationCacheEnabled: false, browserConnectionEnabled: false, browserName: chrome, chrome: {chromedriverVersion: 2.35.528161 (5b82f2d2aae0ca..., userDataDir: C:\\Users\\cbrown\\AppData\\Loc...}, cssSelectorsEnabled: true, databaseEnabled: false, handlesAlerts: true, hasTouchScreen: false, javascriptEnabled: true, locationContextEnabled: true, mobileEmulationEnabled: false, nativeEvents: true, networkConnectionEnabled: false, pageLoadStrategy: normal, platform: XP, platformName: XP, rotatable: false, setWindowRect: true, takesHeapSnapshot: true, takesScreenshot: true, unexpectedAlertBehaviour: , unhandledPromptBehavior: , version: 66.0.3359.181, webStorageEnabled: true}\nSession ID: 68684cb09ebb891c33d17fd842fc8780)","description":"","startTime":1528105519520,"endTime":1528105528008,"childRecords":[{"testStatus":{"stackTrace":"","statusValue":"INFO"},"type":"MESSAGE","name":"","message":"Evaluating variables for test case","startTime":1528105519561,"endTime":0,"childRecords":[],"interuppted":false},{"index":1,"isIgnoredIfFailed":false,"type":"TEST_STEP","name":"openBrowser","message":"Browser is opened with url: \u0027\u0027","description":"","startTime":1528105519947,"endTime":1528105523655,"childRecords":[{"testStatus":{"stackTrace":"","statusValue":"PASSED"},"type":"MESSAGE","name":"","message":"Browser is opened with url: \u0027\u0027","startTime":1528105523654,"endTime":0,"childRecords":[],"interuppted":false}],"interuppted":false},{"index":2,"isIgnoredIfFailed":false,"type":"TEST_STEP","name":"navigateToUrl","message":"Navigate to \u0027http://unitytest.clientele.local/#/\u0027 successfully","description":"","startTime":1528105523655,"endTime":1528105524776,"childRecords":[{"testStatus":{"stackTrace":"","statusValue":"PASSED"},"type":"MESSAGE","name":"","message":"Navigate to \u0027http://unitytest.clientele.local/#/\u0027 successfully","startTime":1528105524775,"endTime":0,"childRecords":[],"interuppted":false}],"interuppted":false},{"attachment":"1528105527720.png","index":3,"isIgnoredIfFailed":false,"type":"TEST_STEP","name":"setText","message":"Unable to set text \u0027Cbrown\u0027 of object \u0027Object Repository/page_UnityLogin_OR/input_username\u0027 (Root cause: org.openqa.selenium.InvalidElementStateException: invalid element state: Element is not currently interactable and may not be manipulated\n  (Session info: chrome\u003d66.0.3359.181)\n  (Driver info: chromedriver\u003d2.35.528161 (5b82f2d2aae0ca24b877009200ced9065a772e73),platform\u003dWindows NT 6.1.7601 SP1 x86_64) (WARNING: The server did not provide any stacktrace information)\nCommand duration or timeout: 0 milliseconds\nBuild info: version: \u00273.7.1\u0027, revision: \u00278a0099a\u0027, time: \u00272017-11-06T21:07:36.161Z\u0027\nSystem info: host: \u0027BSS-L-CBROWN\u0027, ip: \u002710.32.88.37\u0027, os.name: \u0027Windows 7\u0027, os.arch: \u0027amd64\u0027, os.version: \u00276.1\u0027, java.version: \u00271.8.0_102\u0027\nDriver info: com.kms.katalon.selenium.driver.CChromeDriver\nCapabilities {acceptInsecureCerts: false, acceptSslCerts: false, applicationCacheEnabled: false, browserConnectionEnabled: false, browserName: chrome, chrome: {chromedriverVersion: 2.35.528161 (5b82f2d2aae0ca..., userDataDir: C:\\Users\\cbrown\\AppData\\Loc...}, cssSelectorsEnabled: true, databaseEnabled: false, handlesAlerts: true, hasTouchScreen: false, javascriptEnabled: true, locationContextEnabled: true, mobileEmulationEnabled: false, nativeEvents: true, networkConnectionEnabled: false, pageLoadStrategy: normal, platform: XP, platformName: XP, rotatable: false, setWindowRect: true, takesHeapSnapshot: true, takesScreenshot: true, unexpectedAlertBehaviour: , unhandledPromptBehavior: , version: 66.0.3359.181, webStorageEnabled: true}\nSession ID: 68684cb09ebb891c33d17fd842fc8780)","description":"","startTime":1528105524777,"endTime":1528105528005,"childRecords":[{"testStatus":{"stackTrace":"","statusValue":"FAILED"},"attachment":"1528105527720.png","type":"MESSAGE","name":"","message":"Unable to set text \u0027Cbrown\u0027 of object \u0027Object Repository/page_UnityLogin_OR/input_username\u0027 (Root cause: org.openqa.selenium.InvalidElementStateException: invalid element state: Element is not currently interactable and may not be manipulated\n  (Session info: chrome\u003d66.0.3359.181)\n  (Driver info: chromedriver\u003d2.35.528161 (5b82f2d2aae0ca24b877009200ced9065a772e73),platform\u003dWindows NT 6.1.7601 SP1 x86_64) (WARNING: The server did not provide any stacktrace information)\nCommand duration or timeout: 0 milliseconds\nBuild info: version: \u00273.7.1\u0027, revision: \u00278a0099a\u0027, time: \u00272017-11-06T21:07:36.161Z\u0027\nSystem info: host: \u0027BSS-L-CBROWN\u0027, ip: \u002710.32.88.37\u0027, os.name: \u0027Windows 7\u0027, os.arch: \u0027amd64\u0027, os.version: \u00276.1\u0027, java.version: \u00271.8.0_102\u0027\nDriver info: com.kms.katalon.selenium.driver.CChromeDriver\nCapabilities {acceptInsecureCerts: false, acceptSslCerts: false, applicationCacheEnabled: false, browserConnectionEnabled: false, browserName: chrome, chrome: {chromedriverVersion: 2.35.528161 (5b82f2d2aae0ca..., userDataDir: C:\\Users\\cbrown\\AppData\\Loc...}, cssSelectorsEnabled: true, databaseEnabled: false, handlesAlerts: true, hasTouchScreen: false, javascriptEnabled: true, locationContextEnabled: true, mobileEmulationEnabled: false, nativeEvents: true, networkConnectionEnabled: false, pageLoadStrategy: normal, platform: XP, platformName: XP, rotatable: false, setWindowRect: true, takesHeapSnapshot: true, takesScreenshot: true, unexpectedAlertBehaviour: , unhandledPromptBehavior: , version: 66.0.3359.181, webStorageEnabled: true}\nSession ID: 68684cb09ebb891c33d17fd842fc8780)","startTime":1528105528002,"endTime":0,"childRecords":[],"interuppted":false}],"interuppted":false},{"testStatus":{"stackTrace":"","statusValue":"FAILED"},"type":"MESSAGE","name":"","message":"Test Cases/EncashmentLogins/LoginCBrown FAILED because (of) Unable to set text \u0027Cbrown\u0027 of object \u0027Object Repository/page_UnityLogin_OR/input_username\u0027 (Root cause: org.openqa.selenium.InvalidElementStateException: invalid element state: Element is not currently interactable and may not be manipulated\n  (Session info: chrome\u003d66.0.3359.181)\n  (Driver info: chromedriver\u003d2.35.528161 (5b82f2d2aae0ca24b877009200ced9065a772e73),platform\u003dWindows NT 6.1.7601 SP1 x86_64) (WARNING: The server did not provide any stacktrace information)\nCommand duration or timeout: 0 milliseconds\nBuild info: version: \u00273.7.1\u0027, revision: \u00278a0099a\u0027, time: \u00272017-11-06T21:07:36.161Z\u0027\nSystem info: host: \u0027BSS-L-CBROWN\u0027, ip: \u002710.32.88.37\u0027, os.name: \u0027Windows 7\u0027, os.arch: \u0027amd64\u0027, os.version: \u00276.1\u0027, java.version: \u00271.8.0_102\u0027\nDriver info: com.kms.katalon.selenium.driver.CChromeDriver\nCapabilities {acceptInsecureCerts: false, acceptSslCerts: false, applicationCacheEnabled: false, browserConnectionEnabled: false, browserName: chrome, chrome: {chromedriverVersion: 2.35.528161 (5b82f2d2aae0ca..., userDataDir: C:\\Users\\cbrown\\AppData\\Loc...}, cssSelectorsEnabled: true, databaseEnabled: false, handlesAlerts: true, hasTouchScreen: false, javascriptEnabled: true, locationContextEnabled: true, mobileEmulationEnabled: false, nativeEvents: true, networkConnectionEnabled: false, pageLoadStrategy: normal, platform: XP, platformName: XP, rotatable: false, setWindowRect: true, takesHeapSnapshot: true, takesScreenshot: true, unexpectedAlertBehaviour: , unhandledPromptBehavior: , version: 66.0.3359.181, webStorageEnabled: true}\nSession ID: 68684cb09ebb891c33d17fd842fc8780)","startTime":1528105528005,"endTime":0,"childRecords":[],"interuppted":false}],"interuppted":false},{"isOptional":false,"type":"TEST_CASE","name":"Test Cases/LoadNewEncashment","id":"Test Cases/LoadNewEncashment","source":"C:\\\\Users\\\\cbrown\\\\Katalon Studio\\\\Encashments\\\\Test Cases\\\\LoadNewEncashment.tc","message":"Test Cases/LoadNewEncashment FAILED because (of) Unable to verify object \u0027Object Repository/Page_Clientle Unity/h1_Clientle Encashments Search\u0027 is present (Root cause: com.kms.katalon.core.webui.exception.WebElementNotFoundException: Web element with id: \u0027Object Repository/Page_Clientle Unity/h1_Clientle Encashments Search\u0027 located by \u0027By.xpath: //h1[(text() \u003d \u0027Clientèle Encashments Search\u0027 or . \u003d \u0027Clientèle Encashments Search\u0027)]\u0027 not found)","description":"","startTime":1528105528011,"endTime":1528105545067,"childRecords":[{"testStatus":{"stackTrace":"","statusValue":"INFO"},"type":"MESSAGE","name":"","message":"Evaluating variables for test case","startTime":1528105528066,"endTime":0,"childRecords":[],"interuppted":false},{"index":1,"isIgnoredIfFailed":false,"type":"TEST_STEP","name":"Statement - row \u003d 9","description":"","startTime":1528105528379,"endTime":1528105528380,"childRecords":[],"interuppted":false},{"index":2,"isIgnoredIfFailed":false,"type":"TEST_STEP","name":"navigateToUrl","message":"Navigate to \u0027http://unitytest.clientele.local/#/Encashments/\u0027 successfully","description":"","startTime":1528105528381,"endTime":1528105528444,"childRecords":[{"testStatus":{"stackTrace":"","statusValue":"PASSED"},"type":"MESSAGE","name":"","message":"Navigate to \u0027http://unitytest.clientele.local/#/Encashments/\u0027 successfully","startTime":1528105528442,"endTime":0,"childRecords":[],"interuppted":false}],"interuppted":false},{"index":3,"isIgnoredIfFailed":false,"type":"TEST_STEP","name":"Statement - button_CloseDrawer \u003d com.kms.katalon.core.testobject.ObjectRepository.findTestObject(Object Repository/Page_Clientle Unity/button__CloseMenuDrawer)","message":"Finding Test Object with id \u0027Object Repository/Page_Clientle Unity/button__CloseMenuDrawer\u0027","description":"","startTime":1528105528444,"endTime":1528105528452,"childRecords":[],"interuppted":false},{"attachment":"1528105528530.png","index":4,"isIgnoredIfFailed":false,"type":"TEST_STEP","name":"click","message":"Unable to click on object \u0027Object Repository/Page_Clientle Unity/button__CloseMenuDrawer\u0027 (Root cause: org.openqa.selenium.ElementNotVisibleException: element not visible\n  (Session info: chrome\u003d66.0.3359.181)\n  (Driver info: chromedriver\u003d2.35.528161 (5b82f2d2aae0ca24b877009200ced9065a772e73),platform\u003dWindows NT 6.1.7601 SP1 x86_64) (WARNING: The server did not provide any stacktrace information)\nCommand duration or timeout: 0 milliseconds\nBuild info: version: \u00273.7.1\u0027, revision: \u00278a0099a\u0027, time: \u00272017-11-06T21:07:36.161Z\u0027\nSystem info: host: \u0027BSS-L-CBROWN\u0027, ip: \u002710.32.88.37\u0027, os.name: \u0027Windows 7\u0027, os.arch: \u0027amd64\u0027, os.version: \u00276.1\u0027, java.version: \u00271.8.0_102\u0027\nDriver info: com.kms.katalon.selenium.driver.CChromeDriver\nCapabilities {acceptInsecureCerts: false, acceptSslCerts: false, applicationCacheEnabled: false, browserConnectionEnabled: false, browserName: chrome, chrome: {chromedriverVersion: 2.35.528161 (5b82f2d2aae0ca..., userDataDir: C:\\Users\\cbrown\\AppData\\Loc...}, cssSelectorsEnabled: true, databaseEnabled: false, handlesAlerts: true, hasTouchScreen: false, javascriptEnabled: true, locationContextEnabled: true, mobileEmulationEnabled: false, nativeEvents: true, networkConnectionEnabled: false, pageLoadStrategy: normal, platform: XP, platformName: XP, rotatable: false, setWindowRect: true, takesHeapSnapshot: true, takesScreenshot: true, unexpectedAlertBehaviour: , unhandledPromptBehavior: , version: 66.0.3359.181, webStorageEnabled: true}\nSession ID: 68684cb09ebb891c33d17fd842fc8780)","description":"","startTime":1528105528453,"endTime":1528105528790,"childRecords":[{"testStatus":{"stackTrace":"","statusValue":"WARNING"},"attachment":"1528105528530.png","type":"MESSAGE","name":"","message":"Unable to click on object \u0027Object Repository/Page_Clientle Unity/button__CloseMenuDrawer\u0027 (Root cause: org.openqa.selenium.ElementNotVisibleException: element not visible\n  (Session info: chrome\u003d66.0.3359.181)\n  (Driver info: chromedriver\u003d2.35.528161 (5b82f2d2aae0ca24b877009200ced9065a772e73),platform\u003dWindows NT 6.1.7601 SP1 x86_64) (WARNING: The server did not provide any stacktrace information)\nCommand duration or timeout: 0 milliseconds\nBuild info: version: \u00273.7.1\u0027, revision: \u00278a0099a\u0027, time: \u00272017-11-06T21:07:36.161Z\u0027\nSystem info: host: \u0027BSS-L-CBROWN\u0027, ip: \u002710.32.88.37\u0027, os.name: \u0027Windows 7\u0027, os.arch: \u0027amd64\u0027, os.version: \u00276.1\u0027, java.version: \u00271.8.0_102\u0027\nDriver info: com.kms.katalon.selenium.driver.CChromeDriver\nCapabilities {acceptInsecureCerts: false, acceptSslCerts: false, applicationCacheEnabled: false, browserConnectionEnabled: false, browserName: chrome, chrome: {chromedriverVersion: 2.35.528161 (5b82f2d2aae0ca..., userDataDir: C:\\Users\\cbrown\\AppData\\Loc...}, cssSelectorsEnabled: true, databaseEnabled: false, handlesAlerts: true, hasTouchScreen: false, javascriptEnabled: true, locationContextEnabled: true, mobileEmulationEnabled: false, nativeEvents: true, networkConnectionEnabled: false, pageLoadStrategy: normal, platform: XP, platformName: XP, rotatable: false, setWindowRect: true, takesHeapSnapshot: true, takesScreenshot: true, unexpectedAlertBehaviour: , unhandledPromptBehavior: , version: 66.0.3359.181, webStorageEnabled: true}\nSession ID: 68684cb09ebb891c33d17fd842fc8780)","startTime":1528105528789,"endTime":0,"childRecords":[],"interuppted":false}],"interuppted":false},{"attachment":"1528105544775.png","index":5,"isIgnoredIfFailed":false,"type":"TEST_STEP","name":"verifyElementPresent","message":"Unable to verify object \u0027Object Repository/Page_Clientle Unity/h1_Clientle Encashments Search\u0027 is present (Root cause: com.kms.katalon.core.webui.exception.WebElementNotFoundException: Web element with id: \u0027Object Repository/Page_Clientle Unity/h1_Clientle Encashments Search\u0027 located by \u0027By.xpath: //h1[(text() \u003d \u0027Clientèle Encashments Search\u0027 or . \u003d \u0027Clientèle Encashments Search\u0027)]\u0027 not found)","description":"","startTime":1528105528791,"endTime":1528105545062,"childRecords":[{"testStatus":{"stackTrace":"","statusValue":"FAILED"},"attachment":"1528105544499.png","type":"MESSAGE","name":"","message":"com.kms.katalon.core.webui.exception.WebElementNotFoundException: Web element with id: \u0027Object Repository/Page_Clientle Unity/h1_Clientle Encashments Search\u0027 located by \u0027By.xpath: //h1[(text() \u003d \u0027Clientèle Encashments Search\u0027 or . \u003d \u0027Clientèle Encashments Search\u0027)]\u0027 not found","startTime":1528105544774,"endTime":0,"childRecords":[],"interuppted":false},{"testStatus":{"stackTrace":"","statusValue":"FAILED"},"attachment":"1528105544775.png","type":"MESSAGE","name":"","message":"Unable to verify object \u0027Object Repository/Page_Clientle Unity/h1_Clientle Encashments Search\u0027 is present (Root cause: com.kms.katalon.core.webui.exception.WebElementNotFoundException: Web element with id: \u0027Object Repository/Page_Clientle Unity/h1_Clientle Encashments Search\u0027 located by \u0027By.xpath: //h1[(text() \u003d \u0027Clientèle Encashments Search\u0027 or . \u003d \u0027Clientèle Encashments Search\u0027)]\u0027 not found)","startTime":1528105545061,"endTime":0,"childRecords":[],"interuppted":false}],"interuppted":false},{"testStatus":{"stackTrace":"","statusValue":"FAILED"},"type":"MESSAGE","name":"","message":"Test Cases/LoadNewEncashment FAILED because (of) Unable to verify object \u0027Object Repository/Page_Clientle Unity/h1_Clientle Encashments Search\u0027 is present (Root cause: com.kms.katalon.core.webui.exception.WebElementNotFoundException: Web element with id: \u0027Object Repository/Page_Clientle Unity/h1_Clientle Encashments Search\u0027 located by \u0027By.xpath: //h1[(text() \u003d \u0027Clientèle Encashments Search\u0027 or . \u003d \u0027Clientèle Encashments Search\u0027)]\u0027 not found)","startTime":1528105545065,"endTime":0,"childRecords":[],"interuppted":false}],"interuppted":false},{"isOptional":false,"type":"TEST_CASE","name":"Test Cases/UploadDocuments","id":"Test Cases/UploadDocuments","source":"C:\\\\Users\\\\cbrown\\\\Katalon Studio\\\\Encashments\\\\Test Cases\\\\UploadDocuments.tc","message":"Test Cases/UploadDocuments FAILED because (of) groovy.lang.MissingMethodException: No signature of method: static com.kms.katalon.core.webui.keyword.WebUiBuiltInKeywords.waitForElementVisible() is applicable for argument types: (com.kms.katalon.core.testobject.TestObject) values: [TestObject - \u0027Object Repository/Page_Clientle Unity/Page_EncashmentsRequiredDocs_OR/a_Required Documents\u0027]\nPossible solutions: waitForElementVisible(com.kms.katalon.core.testobject.TestObject, int), waitForElementVisible(com.kms.katalon.core.testobject.TestObject, int, com.kms.katalon.core.model.FailureHandling), waitForElementNotVisible(com.kms.katalon.core.testobject.TestObject, int), waitForElementNotVisible(com.kms.katalon.core.testobject.TestObject, int, com.kms.katalon.core.model.FailureHandling)","description":"","startTime":1528105545071,"endTime":1528105545430,"childRecords":[{"testStatus":{"stackTrace":"","statusValue":"INFO"},"type":"MESSAGE","name":"","message":"Evaluating variables for test case","startTime":1528105545084,"endTime":0,"childRecords":[],"interuppted":false},{"index":1,"isIgnoredIfFailed":false,"type":"TEST_STEP","name":"waitForElementVisible","message":"Finding Test Object with id \u0027Object Repository/Page_Clientle Unity/Page_EncashmentsRequiredDocs_OR/a_Required Documents\u0027","description":"","startTime":1528105545253,"endTime":1528105545261,"childRecords":[],"interuppted":false},{"testStatus":{"stackTrace":"","statusValue":"ERROR"},"type":"MESSAGE","name":"","message":"Test Cases/UploadDocuments FAILED because (of) groovy.lang.MissingMethodException: No signature of method: static com.kms.katalon.core.webui.keyword.WebUiBuiltInKeywords.waitForElementVisible() is applicable for argument types: (com.kms.katalon.core.testobject.TestObject) values: [TestObject - \u0027Object Repository/Page_Clientle Unity/Page_EncashmentsRequiredDocs_OR/a_Required Documents\u0027]\nPossible solutions: waitForElementVisible(com.kms.katalon.core.testobject.TestObject, int), waitForElementVisible(com.kms.katalon.core.testobject.TestObject, int, com.kms.katalon.core.model.FailureHandling), waitForElementNotVisible(com.kms.katalon.core.testobject.TestObject, int), waitForElementNotVisible(com.kms.katalon.core.testobject.TestObject, int, com.kms.katalon.core.model.FailureHandling)","startTime":1528105545354,"endTime":0,"childRecords":[],"interuppted":false}],"interuppted":false}],"interuppted":false}