Suite/Test/Step Name,Browser,Description,Start time,End time,Duration,Status
LoadEncashment,Chrome 66.0.3359.181,,2018-06-04 11:57:58,2018-06-04 11:58:17,18.391s,ERROR
,,,,,,
Test Cases/EncashmentLogins/LoginCBrown,Chrome 66.0.3359.181,,2018-06-04 11:57:59,2018-06-04 11:58:05,6.563s,PASSED
openBrowser,Chrome 66.0.3359.181,,2018-06-04 11:57:59,2018-06-04 11:58:03,3.768s,PASSED
navigateToUrl,Chrome 66.0.3359.181,,2018-06-04 11:58:03,2018-06-04 11:58:04,0.698s,PASSED
setText,Chrome 66.0.3359.181,,2018-06-04 11:58:04,2018-06-04 11:58:05,1.333s,PASSED
setText,Chrome 66.0.3359.181,,2018-06-04 11:58:05,2018-06-04 11:58:05,0.233s,PASSED
click,Chrome 66.0.3359.181,,2018-06-04 11:58:05,2018-06-04 11:58:05,0.134s,PASSED
,,,,,,
Test Cases/LoadNewEncashment,Chrome 66.0.3359.181,,2018-06-04 11:58:05,2018-06-04 11:58:16,10.178s,PASSED
Statement - row = 11,Chrome 66.0.3359.181,,2018-06-04 11:58:06,2018-06-04 11:58:06,0.001s,PASSED
navigateToUrl,Chrome 66.0.3359.181,,2018-06-04 11:58:06,2018-06-04 11:58:06,0.141s,PASSED
waitForPageLoad,Chrome 66.0.3359.181,,2018-06-04 11:58:06,2018-06-04 11:58:06,0.099s,PASSED
Statement - button_CloseDrawer = com.kms.katalon.core.testobject.ObjectRepository.findTestObject(Page_Clientle Unity/button__CloseMenuDrawer),Chrome 66.0.3359.181,,2018-06-04 11:58:06,2018-06-04 11:58:06,0.013s,PASSED
click,Chrome 66.0.3359.181,,2018-06-04 11:58:06,2018-06-04 11:58:06,0.128s,PASSED
verifyElementPresent,Chrome 66.0.3359.181,,2018-06-04 11:58:06,2018-06-04 11:58:06,0.046s,PASSED
click,Chrome 66.0.3359.181,,2018-06-04 11:58:06,2018-06-04 11:58:06,0.157s,PASSED
setText,Chrome 66.0.3359.181,,2018-06-04 11:58:06,2018-06-04 11:58:08,1.401s,PASSED
click,Chrome 66.0.3359.181,,2018-06-04 11:58:08,2018-06-04 11:58:08,0.110s,PASSED
click,Chrome 66.0.3359.181,,2018-06-04 11:58:08,2018-06-04 11:58:09,0.696s,PASSED
takeScreenshot,Chrome 66.0.3359.181,,2018-06-04 11:58:09,2018-06-04 11:58:09,0.521s,PASSED
waitForElementVisible,Chrome 66.0.3359.181,,2018-06-04 11:58:09,2018-06-04 11:58:09,0.085s,PASSED
click,Chrome 66.0.3359.181,,2018-06-04 11:58:09,2018-06-04 11:58:09,0.103s,PASSED
takeScreenshot,Chrome 66.0.3359.181,,2018-06-04 11:58:09,2018-06-04 11:58:10,0.344s,PASSED
waitForElementVisible,Chrome 66.0.3359.181,,2018-06-04 11:58:10,2018-06-04 11:58:10,0.089s,PASSED
click,Chrome 66.0.3359.181,,2018-06-04 11:58:10,2018-06-04 11:58:10,0.102s,PASSED
takeScreenshot,Chrome 66.0.3359.181,,2018-06-04 11:58:10,2018-06-04 11:58:10,0.268s,PASSED
waitForAngularLoad,Chrome 66.0.3359.181,,2018-06-04 11:58:10,2018-06-04 11:58:12,2.101s,PASSED
waitForElementVisible,Chrome 66.0.3359.181,,2018-06-04 11:58:12,2018-06-04 11:58:12,0.078s,PASSED
click,Chrome 66.0.3359.181,,2018-06-04 11:58:12,2018-06-04 11:58:12,0.105s,PASSED
selectOptionByLabel,Chrome 66.0.3359.181,,2018-06-04 11:58:12,2018-06-04 11:58:13,0.225s,PASSED
setText,Chrome 66.0.3359.181,,2018-06-04 11:58:13,2018-06-04 11:58:13,0.533s,PASSED
setText,Chrome 66.0.3359.181,,2018-06-04 11:58:13,2018-06-04 11:58:13,0.326s,PASSED
Statement - EncashAvailableAmnt = com.kms.katalon.core.webui.keyword.WebUiBuiltInKeywords.getText(com.kms.katalon.core.testobject.ObjectRepository.findTestObject(Object Repository/Page_Clientle Unity/Page_NewEncashment_OR/label_AvailableAmount)),Chrome 66.0.3359.181,,2018-06-04 11:58:13,2018-06-04 11:58:14,0.081s,PASSED
"Statement - println(""--------------------"" + EncashAvailableAmnt + ""--------------------"")",Chrome 66.0.3359.181,,2018-06-04 11:58:14,2018-06-04 11:58:14,0.005s,PASSED
"Statement - SplitString = EncashAvailableAmnt.split("" "")",Chrome 66.0.3359.181,,2018-06-04 11:58:14,2018-06-04 11:58:14,0.003s,PASSED
Statement - println(SplitString),Chrome 66.0.3359.181,,2018-06-04 11:58:14,2018-06-04 11:58:14,0.001s,PASSED
Statement - last = SplitString[length - 1],Chrome 66.0.3359.181,,2018-06-04 11:58:14,2018-06-04 11:58:14,0.010s,PASSED
"Statement - encashValue = com.kms.katalon.core.testdata.TestDataFactory.findTestData(EncashmentPolicies).getValue(""encashAmount"", row)",Chrome 66.0.3359.181,,2018-06-04 11:58:14,2018-06-04 11:58:14,0.048s,PASSED
Statement - AvailableEncashmentAmount = last.toString(),Chrome 66.0.3359.181,,2018-06-04 11:58:14,2018-06-04 11:58:14,0.008s,PASSED
Statement - encashAmnt = encashValue.toString(),Chrome 66.0.3359.181,,2018-06-04 11:58:14,2018-06-04 11:58:14,0.001s,PASSED
Statement - If (last < encashValue),Chrome 66.0.3359.181,,2018-06-04 11:58:14,2018-06-04 11:58:14,0.496s,PASSED
click,Chrome 66.0.3359.181,,2018-06-04 11:58:14,2018-06-04 11:58:14,0.131s,PASSED
selectOptionByValue,Chrome 66.0.3359.181,,2018-06-04 11:58:14,2018-06-04 11:58:15,0.284s,PASSED
click,Chrome 66.0.3359.181,,2018-06-04 11:58:15,2018-06-04 11:58:15,0.128s,PASSED
waitForElementPresent,Chrome 66.0.3359.181,,2018-06-04 11:58:15,2018-06-04 11:58:15,0.045s,PASSED
Statement - NewEncashment = com.kms.katalon.core.webui.keyword.WebUiBuiltInKeywords.getText(com.kms.katalon.core.testobject.ObjectRepository.findTestObject(Object Repository/Page_Clientle Unity/h2_Encashment - (New))),Chrome 66.0.3359.181,,2018-06-04 11:58:15,2018-06-04 11:58:15,0.059s,PASSED
"Statement - println(""---------------"" + NewEncashment + ""-------------------"")",Chrome 66.0.3359.181,,2018-06-04 11:58:15,2018-06-04 11:58:15,0.001s,PASSED
"Statement - SplitEncashNo = NewEncashment.split("" - "")",Chrome 66.0.3359.181,,2018-06-04 11:58:15,2018-06-04 11:58:15,0.001s,PASSED
"Statement - println(""---------------"" + SplitEncashNo + ""-------------------"")",Chrome 66.0.3359.181,,2018-06-04 11:58:15,2018-06-04 11:58:15,0.001s,PASSED
Statement - EncashmentNo = SplitEncashNo[length - 2],Chrome 66.0.3359.181,,2018-06-04 11:58:15,2018-06-04 11:58:15,0.003s,PASSED
"Statement - println(""---------------"" + EncashmentNo + ""-------------------"")",Chrome 66.0.3359.181,,2018-06-04 11:58:15,2018-06-04 11:58:15,0.001s,PASSED
takeScreenshot,Chrome 66.0.3359.181,,2018-06-04 11:58:15,2018-06-04 11:58:16,0.303s,PASSED
waitForPageLoad,Chrome 66.0.3359.181,,2018-06-04 11:58:16,2018-06-04 11:58:16,0.011s,PASSED
,,,,,,
Test Cases/UploadDocuments,Chrome 66.0.3359.181,,2018-06-04 11:58:16,2018-06-04 11:58:16,0.440s,ERROR
waitForElementVisible,Chrome 66.0.3359.181,,2018-06-04 11:58:16,2018-06-04 11:58:16,0.007s,PASSED
