Suite/Test/Step Name,Browser,Description,Start time,End time,Duration,Status
LoadEncashment,Chrome 66.0.3359.181,,2018-06-04 11:15:52,2018-06-04 11:16:02,10.277s,FAILED
,,,,,,
Test Cases/EncashmentLogins/LoginCBrown,Chrome 66.0.3359.181,,2018-06-04 11:15:52,2018-06-04 11:16:00,7.580s,PASSED
openBrowser,Chrome 66.0.3359.181,,2018-06-04 11:15:53,2018-06-04 11:15:57,3.727s,PASSED
navigateToUrl,Chrome 66.0.3359.181,,2018-06-04 11:15:57,2018-06-04 11:15:57,0.712s,PASSED
Statement - myTestObject = new com.kms.katalon.core.testobject.TestObject(HelloWorld),Chrome 66.0.3359.181,,2018-06-04 11:15:57,2018-06-04 11:15:57,0.017s,PASSED
Statement - properties = new java.util.ArrayList(),Chrome 66.0.3359.181,,2018-06-04 11:15:57,2018-06-04 11:15:57,0.006s,PASSED
"Statement - properties.add(new com.kms.katalon.core.testobject.TestObjectProperty(ng-model, com.kms.katalon.core.testobject.ConditionType.EQUALS, username))",Chrome 66.0.3359.181,,2018-06-04 11:15:57,2018-06-04 11:15:57,0.011s,PASSED
"Statement - properties.add(new com.kms.katalon.core.testobject.TestObjectProperty(tag, com.kms.katalon.core.testobject.ConditionType.EQUALS, input))",Chrome 66.0.3359.181,,2018-06-04 11:15:57,2018-06-04 11:15:57,0.001s,PASSED
Statement - myTestObject.setProperties(properties),Chrome 66.0.3359.181,,2018-06-04 11:15:57,2018-06-04 11:15:57,0.003s,PASSED
setText,Chrome 66.0.3359.181,,2018-06-04 11:15:57,2018-06-04 11:15:59,2.005s,PASSED
Statement - activeProperties = myTestObject.getProperties(),Chrome 66.0.3359.181,,2018-06-04 11:15:59,2018-06-04 11:15:59,0.002s,PASSED
Statement - For (def prop : activeProperties),Chrome 66.0.3359.181,,2018-06-04 11:15:59,2018-06-04 11:15:59,0.006s,PASSED
setText,Chrome 66.0.3359.181,,2018-06-04 11:15:59,2018-06-04 11:16:00,0.206s,PASSED
setText,Chrome 66.0.3359.181,,2018-06-04 11:16:00,2018-06-04 11:16:00,0.221s,PASSED
click,Chrome 66.0.3359.181,,2018-06-04 11:16:00,2018-06-04 11:16:00,0.130s,PASSED
,,,,,,
Test Cases/LoadNewEncashment,Chrome 66.0.3359.181,,2018-06-04 11:16:00,2018-06-04 11:16:01,1.084s,FAILED
Statement - row = 8,Chrome 66.0.3359.181,,2018-06-04 11:16:00,2018-06-04 11:16:00,0.002s,PASSED
navigateToUrl,Chrome 66.0.3359.181,,2018-06-04 11:16:00,2018-06-04 11:16:01,0.181s,PASSED
verifyElementPresent,Chrome 66.0.3359.181,,2018-06-04 11:16:01,2018-06-04 11:16:01,0.066s,PASSED
click,Chrome 66.0.3359.181,,2018-06-04 11:16:01,2018-06-04 11:16:01,0.449s,FAILED
,,,,,,
Test Cases/UploadDocuments,Chrome 66.0.3359.181,,2018-06-04 11:16:01,2018-06-04 11:16:02,0.383s,ERROR
waitForElementVisible,Chrome 66.0.3359.181,,2018-06-04 11:16:01,2018-06-04 11:16:01,0.009s,PASSED
