{"devicePlatform":"","logFolder":"C:\\Users\\cbrown\\Katalon Studio\\Encashments\\Reports\\LoadEncashment\\20180604_111550","runData":{"hostName":"CBrown - Bss-L-Cbrown.clientele.local","os":"Windows 7 64bit","katalonVersion":"5.4.2.1","browser":"Chrome 66.0.3359.181","hostAddress":"10.32.88.37","sessionId":"828b490f77b8721cdfb705a6f002779c","seleniumVersion":"3.7.1","proxyInformation":"ProxyInformation{proxyOption\u003dNO_PROXY, proxyServerType\u003dHTTP, password\u003d, proxyServerAddress\u003d, proxyServerPort\u003d0}","platform":"Windows 7"},"type":"TEST_SUITE","name":"LoadEncashment","id":"Test Suites/LoadEncashment","source":"","message":"Test Cases/LoadNewEncashment FAILED because (of) Unable to click on object \u0027Object Repository/Page_Clientle Unity/label_Search\u0027 (Root cause: org.openqa.selenium.WebDriverException: unknown error: Element \u003clabel for\u003d\"stdPolicy...SearchText\" class\u003d\"col-md-5 control-label\"\u003eSearch\u003c/label\u003e is not clickable at point (147, 326). Other element would receive the click: \u003cdiv class\u003d\"btn-link btn-default ng-binding\" ng-click\u003d\"ChangeUrl(application);\"\u003e...\u003c/div\u003e\n  (Session info: chrome\u003d66.0.3359.181)\n  (Driver info: chromedriver\u003d2.35.528161 (5b82f2d2aae0ca24b877009200ced9065a772e73),platform\u003dWindows NT 6.1.7601 SP1 x86_64) (WARNING: The server did not provide any stacktrace information)\nCommand duration or timeout: 0 milliseconds\nBuild info: version: \u00273.7.1\u0027, revision: \u00278a0099a\u0027, time: \u00272017-11-06T21:07:36.161Z\u0027\nSystem info: host: \u0027BSS-L-CBROWN\u0027, ip: \u002710.32.88.37\u0027, os.name: \u0027Windows 7\u0027, os.arch: \u0027amd64\u0027, os.version: \u00276.1\u0027, java.version: \u00271.8.0_102\u0027\nDriver info: com.kms.katalon.selenium.driver.CChromeDriver\nCapabilities {acceptInsecureCerts: false, acceptSslCerts: false, applicationCacheEnabled: false, browserConnectionEnabled: false, browserName: chrome, chrome: {chromedriverVersion: 2.35.528161 (5b82f2d2aae0ca..., userDataDir: C:\\Users\\cbrown\\AppData\\Loc...}, cssSelectorsEnabled: true, databaseEnabled: false, handlesAlerts: true, hasTouchScreen: false, javascriptEnabled: true, locationContextEnabled: true, mobileEmulationEnabled: false, nativeEvents: true, networkConnectionEnabled: false, pageLoadStrategy: normal, platform: XP, platformName: XP, rotatable: false, setWindowRect: true, takesHeapSnapshot: true, takesScreenshot: true, unexpectedAlertBehaviour: , unhandledPromptBehavior: , version: 66.0.3359.181, webStorageEnabled: true}\nSession ID: 828b490f77b8721cdfb705a6f002779c)","description":"","startTime":1528103752540,"endTime":1528103762817,"childRecords":[{"isOptional":false,"type":"TEST_CASE","name":"Test Cases/EncashmentLogins/LoginCBrown","id":"Test Cases/EncashmentLogins/LoginCBrown","source":"C:\\\\Users\\\\cbrown\\\\Katalon Studio\\\\Encashments\\\\Test Cases\\\\EncashmentLogins\\\\LoginCBrown.tc","message":"Test Cases/EncashmentLogins/LoginCBrown","description":"","startTime":1528103752959,"endTime":1528103760539,"childRecords":[{"testStatus":{"stackTrace":"","statusValue":"INFO"},"type":"MESSAGE","name":"","message":"Evaluating variables for test case","startTime":1528103752989,"endTime":0,"childRecords":[],"interuppted":false},{"index":1,"isIgnoredIfFailed":false,"type":"TEST_STEP","name":"openBrowser","message":"Browser is opened with url: \u0027\u0027","description":"","startTime":1528103753481,"endTime":1528103757208,"childRecords":[{"testStatus":{"stackTrace":"","statusValue":"PASSED"},"type":"MESSAGE","name":"","message":"Browser is opened with url: \u0027\u0027","startTime":1528103757203,"endTime":0,"childRecords":[],"interuppted":false}],"interuppted":false},{"index":2,"isIgnoredIfFailed":false,"type":"TEST_STEP","name":"navigateToUrl","message":"Navigate to \u0027http://unitytest.clientele.local/#/\u0027 successfully","description":"","startTime":1528103757209,"endTime":1528103757921,"childRecords":[{"testStatus":{"stackTrace":"","statusValue":"PASSED"},"type":"MESSAGE","name":"","message":"Navigate to \u0027http://unitytest.clientele.local/#/\u0027 successfully","startTime":1528103757921,"endTime":0,"childRecords":[],"interuppted":false}],"interuppted":false},{"index":3,"isIgnoredIfFailed":false,"type":"TEST_STEP","name":"Statement - myTestObject \u003d new com.kms.katalon.core.testobject.TestObject(HelloWorld)","description":"","startTime":1528103757924,"endTime":1528103757941,"childRecords":[],"interuppted":false},{"index":4,"isIgnoredIfFailed":false,"type":"TEST_STEP","name":"Statement - properties \u003d new java.util.ArrayList()","description":"","startTime":1528103757942,"endTime":1528103757948,"childRecords":[],"interuppted":false},{"index":5,"isIgnoredIfFailed":false,"type":"TEST_STEP","name":"Statement - properties.add(new com.kms.katalon.core.testobject.TestObjectProperty(ng-model, com.kms.katalon.core.testobject.ConditionType.EQUALS, username))","description":"","startTime":1528103757949,"endTime":1528103757960,"childRecords":[],"interuppted":false},{"index":6,"isIgnoredIfFailed":false,"type":"TEST_STEP","name":"Statement - properties.add(new com.kms.katalon.core.testobject.TestObjectProperty(tag, com.kms.katalon.core.testobject.ConditionType.EQUALS, input))","description":"","startTime":1528103757961,"endTime":1528103757962,"childRecords":[],"interuppted":false},{"index":7,"isIgnoredIfFailed":false,"type":"TEST_STEP","name":"Statement - myTestObject.setProperties(properties)","description":"","startTime":1528103757963,"endTime":1528103757966,"childRecords":[],"interuppted":false},{"index":8,"isIgnoredIfFailed":false,"type":"TEST_STEP","name":"setText","message":"Text \u0027TESTing\u0027 is set on object \u0027HelloWorld\u0027","description":"","startTime":1528103757967,"endTime":1528103759972,"childRecords":[{"testStatus":{"stackTrace":"","statusValue":"PASSED"},"type":"MESSAGE","name":"","message":"Text \u0027TESTing\u0027 is set on object \u0027HelloWorld\u0027","startTime":1528103759971,"endTime":0,"childRecords":[],"interuppted":false}],"interuppted":false},{"index":9,"isIgnoredIfFailed":false,"type":"TEST_STEP","name":"Statement - activeProperties \u003d myTestObject.getProperties()","description":"","startTime":1528103759973,"endTime":1528103759975,"childRecords":[],"interuppted":false},{"index":10,"isIgnoredIfFailed":false,"type":"TEST_STEP","name":"Statement - For (def prop : activeProperties)","description":"","startTime":1528103759975,"endTime":1528103759981,"childRecords":[{"index":1,"isIgnoredIfFailed":false,"type":"TEST_STEP","name":"Statement - name","description":"","startTime":1528103759977,"endTime":1528103759978,"childRecords":[],"interuppted":false},{"index":1,"isIgnoredIfFailed":false,"type":"TEST_STEP","name":"Statement - name","description":"","startTime":1528103759979,"endTime":1528103759980,"childRecords":[],"interuppted":false}],"interuppted":false},{"index":11,"isIgnoredIfFailed":false,"type":"TEST_STEP","name":"setText","message":"Text \u0027Cbrown\u0027 is set on object \u0027HelloWorld\u0027","description":"","startTime":1528103759981,"endTime":1528103760187,"childRecords":[{"testStatus":{"stackTrace":"","statusValue":"PASSED"},"type":"MESSAGE","name":"","message":"Text \u0027Cbrown\u0027 is set on object \u0027HelloWorld\u0027","startTime":1528103760186,"endTime":0,"childRecords":[],"interuppted":false}],"interuppted":false},{"index":12,"isIgnoredIfFailed":false,"type":"TEST_STEP","name":"setText","message":"Text \u0027MyMayPwrd!2018\u0027 is set on object \u0027Object Repository/page_UnityLogin_OR/input_password\u0027","description":"","startTime":1528103760187,"endTime":1528103760408,"childRecords":[{"testStatus":{"stackTrace":"","statusValue":"PASSED"},"type":"MESSAGE","name":"","message":"Text \u0027MyMayPwrd!2018\u0027 is set on object \u0027Object Repository/page_UnityLogin_OR/input_password\u0027","startTime":1528103760407,"endTime":0,"childRecords":[],"interuppted":false}],"interuppted":false},{"index":13,"isIgnoredIfFailed":false,"type":"TEST_STEP","name":"click","message":"Object: \u0027Object Repository/page_UnityLogin_OR/button_Log in\u0027 is clicked on","description":"","startTime":1528103760408,"endTime":1528103760538,"childRecords":[{"testStatus":{"stackTrace":"","statusValue":"PASSED"},"type":"MESSAGE","name":"","message":"Object: \u0027Object Repository/page_UnityLogin_OR/button_Log in\u0027 is clicked on","startTime":1528103760537,"endTime":0,"childRecords":[],"interuppted":false}],"interuppted":false},{"testStatus":{"stackTrace":"","statusValue":"PASSED"},"type":"MESSAGE","name":"","message":"Test Cases/EncashmentLogins/LoginCBrown","startTime":1528103760538,"endTime":0,"childRecords":[],"interuppted":false}],"interuppted":false},{"isOptional":false,"type":"TEST_CASE","name":"Test Cases/LoadNewEncashment","id":"Test Cases/LoadNewEncashment","source":"C:\\\\Users\\\\cbrown\\\\Katalon Studio\\\\Encashments\\\\Test Cases\\\\LoadNewEncashment.tc","message":"Test Cases/LoadNewEncashment FAILED because (of) Unable to click on object \u0027Object Repository/Page_Clientle Unity/label_Search\u0027 (Root cause: org.openqa.selenium.WebDriverException: unknown error: Element \u003clabel for\u003d\"stdPolicy...SearchText\" class\u003d\"col-md-5 control-label\"\u003eSearch\u003c/label\u003e is not clickable at point (147, 326). Other element would receive the click: \u003cdiv class\u003d\"btn-link btn-default ng-binding\" ng-click\u003d\"ChangeUrl(application);\"\u003e...\u003c/div\u003e\n  (Session info: chrome\u003d66.0.3359.181)\n  (Driver info: chromedriver\u003d2.35.528161 (5b82f2d2aae0ca24b877009200ced9065a772e73),platform\u003dWindows NT 6.1.7601 SP1 x86_64) (WARNING: The server did not provide any stacktrace information)\nCommand duration or timeout: 0 milliseconds\nBuild info: version: \u00273.7.1\u0027, revision: \u00278a0099a\u0027, time: \u00272017-11-06T21:07:36.161Z\u0027\nSystem info: host: \u0027BSS-L-CBROWN\u0027, ip: \u002710.32.88.37\u0027, os.name: \u0027Windows 7\u0027, os.arch: \u0027amd64\u0027, os.version: \u00276.1\u0027, java.version: \u00271.8.0_102\u0027\nDriver info: com.kms.katalon.selenium.driver.CChromeDriver\nCapabilities {acceptInsecureCerts: false, acceptSslCerts: false, applicationCacheEnabled: false, browserConnectionEnabled: false, browserName: chrome, chrome: {chromedriverVersion: 2.35.528161 (5b82f2d2aae0ca..., userDataDir: C:\\Users\\cbrown\\AppData\\Loc...}, cssSelectorsEnabled: true, databaseEnabled: false, handlesAlerts: true, hasTouchScreen: false, javascriptEnabled: true, locationContextEnabled: true, mobileEmulationEnabled: false, nativeEvents: true, networkConnectionEnabled: false, pageLoadStrategy: normal, platform: XP, platformName: XP, rotatable: false, setWindowRect: true, takesHeapSnapshot: true, takesScreenshot: true, unexpectedAlertBehaviour: , unhandledPromptBehavior: , version: 66.0.3359.181, webStorageEnabled: true}\nSession ID: 828b490f77b8721cdfb705a6f002779c)","description":"","startTime":1528103760543,"endTime":1528103761627,"childRecords":[{"testStatus":{"stackTrace":"","statusValue":"INFO"},"type":"MESSAGE","name":"","message":"Evaluating variables for test case","startTime":1528103760574,"endTime":0,"childRecords":[],"interuppted":false},{"index":1,"isIgnoredIfFailed":false,"type":"TEST_STEP","name":"Statement - row \u003d 8","description":"","startTime":1528103760890,"endTime":1528103760892,"childRecords":[],"interuppted":false},{"index":2,"isIgnoredIfFailed":false,"type":"TEST_STEP","name":"navigateToUrl","message":"Navigate to \u0027http://unitytest.clientele.local/#/Encashments/\u0027 successfully","description":"","startTime":1528103760892,"endTime":1528103761073,"childRecords":[{"testStatus":{"stackTrace":"","statusValue":"PASSED"},"type":"MESSAGE","name":"","message":"Navigate to \u0027http://unitytest.clientele.local/#/Encashments/\u0027 successfully","startTime":1528103761072,"endTime":0,"childRecords":[],"interuppted":false}],"interuppted":false},{"index":3,"isIgnoredIfFailed":false,"type":"TEST_STEP","name":"verifyElementPresent","message":"Object \u0027Object Repository/Page_Clientle Unity/h1_Clientle Encashments Search\u0027 is present","description":"","startTime":1528103761074,"endTime":1528103761140,"childRecords":[{"testStatus":{"stackTrace":"","statusValue":"PASSED"},"type":"MESSAGE","name":"","message":"Object \u0027Object Repository/Page_Clientle Unity/h1_Clientle Encashments Search\u0027 is present","startTime":1528103761139,"endTime":0,"childRecords":[],"interuppted":false}],"interuppted":false},{"attachment":"1528103761278.png","index":4,"isIgnoredIfFailed":false,"type":"TEST_STEP","name":"click","message":"Unable to click on object \u0027Object Repository/Page_Clientle Unity/label_Search\u0027 (Root cause: org.openqa.selenium.WebDriverException: unknown error: Element \u003clabel for\u003d\"stdPolicy...SearchText\" class\u003d\"col-md-5 control-label\"\u003eSearch\u003c/label\u003e is not clickable at point (147, 326). Other element would receive the click: \u003cdiv class\u003d\"btn-link btn-default ng-binding\" ng-click\u003d\"ChangeUrl(application);\"\u003e...\u003c/div\u003e\n  (Session info: chrome\u003d66.0.3359.181)\n  (Driver info: chromedriver\u003d2.35.528161 (5b82f2d2aae0ca24b877009200ced9065a772e73),platform\u003dWindows NT 6.1.7601 SP1 x86_64) (WARNING: The server did not provide any stacktrace information)\nCommand duration or timeout: 0 milliseconds\nBuild info: version: \u00273.7.1\u0027, revision: \u00278a0099a\u0027, time: \u00272017-11-06T21:07:36.161Z\u0027\nSystem info: host: \u0027BSS-L-CBROWN\u0027, ip: \u002710.32.88.37\u0027, os.name: \u0027Windows 7\u0027, os.arch: \u0027amd64\u0027, os.version: \u00276.1\u0027, java.version: \u00271.8.0_102\u0027\nDriver info: com.kms.katalon.selenium.driver.CChromeDriver\nCapabilities {acceptInsecureCerts: false, acceptSslCerts: false, applicationCacheEnabled: false, browserConnectionEnabled: false, browserName: chrome, chrome: {chromedriverVersion: 2.35.528161 (5b82f2d2aae0ca..., userDataDir: C:\\Users\\cbrown\\AppData\\Loc...}, cssSelectorsEnabled: true, databaseEnabled: false, handlesAlerts: true, hasTouchScreen: false, javascriptEnabled: true, locationContextEnabled: true, mobileEmulationEnabled: false, nativeEvents: true, networkConnectionEnabled: false, pageLoadStrategy: normal, platform: XP, platformName: XP, rotatable: false, setWindowRect: true, takesHeapSnapshot: true, takesScreenshot: true, unexpectedAlertBehaviour: , unhandledPromptBehavior: , version: 66.0.3359.181, webStorageEnabled: true}\nSession ID: 828b490f77b8721cdfb705a6f002779c)","description":"","startTime":1528103761140,"endTime":1528103761589,"childRecords":[{"testStatus":{"stackTrace":"","statusValue":"FAILED"},"attachment":"1528103761278.png","type":"MESSAGE","name":"","message":"Unable to click on object \u0027Object Repository/Page_Clientle Unity/label_Search\u0027 (Root cause: org.openqa.selenium.WebDriverException: unknown error: Element \u003clabel for\u003d\"stdPolicy...SearchText\" class\u003d\"col-md-5 control-label\"\u003eSearch\u003c/label\u003e is not clickable at point (147, 326). Other element would receive the click: \u003cdiv class\u003d\"btn-link btn-default ng-binding\" ng-click\u003d\"ChangeUrl(application);\"\u003e...\u003c/div\u003e\n  (Session info: chrome\u003d66.0.3359.181)\n  (Driver info: chromedriver\u003d2.35.528161 (5b82f2d2aae0ca24b877009200ced9065a772e73),platform\u003dWindows NT 6.1.7601 SP1 x86_64) (WARNING: The server did not provide any stacktrace information)\nCommand duration or timeout: 0 milliseconds\nBuild info: version: \u00273.7.1\u0027, revision: \u00278a0099a\u0027, time: \u00272017-11-06T21:07:36.161Z\u0027\nSystem info: host: \u0027BSS-L-CBROWN\u0027, ip: \u002710.32.88.37\u0027, os.name: \u0027Windows 7\u0027, os.arch: \u0027amd64\u0027, os.version: \u00276.1\u0027, java.version: \u00271.8.0_102\u0027\nDriver info: com.kms.katalon.selenium.driver.CChromeDriver\nCapabilities {acceptInsecureCerts: false, acceptSslCerts: false, applicationCacheEnabled: false, browserConnectionEnabled: false, browserName: chrome, chrome: {chromedriverVersion: 2.35.528161 (5b82f2d2aae0ca..., userDataDir: C:\\Users\\cbrown\\AppData\\Loc...}, cssSelectorsEnabled: true, databaseEnabled: false, handlesAlerts: true, hasTouchScreen: false, javascriptEnabled: true, locationContextEnabled: true, mobileEmulationEnabled: false, nativeEvents: true, networkConnectionEnabled: false, pageLoadStrategy: normal, platform: XP, platformName: XP, rotatable: false, setWindowRect: true, takesHeapSnapshot: true, takesScreenshot: true, unexpectedAlertBehaviour: , unhandledPromptBehavior: , version: 66.0.3359.181, webStorageEnabled: true}\nSession ID: 828b490f77b8721cdfb705a6f002779c)","startTime":1528103761587,"endTime":0,"childRecords":[],"interuppted":false}],"interuppted":false},{"testStatus":{"stackTrace":"","statusValue":"FAILED"},"type":"MESSAGE","name":"","message":"Test Cases/LoadNewEncashment FAILED because (of) Unable to click on object \u0027Object Repository/Page_Clientle Unity/label_Search\u0027 (Root cause: org.openqa.selenium.WebDriverException: unknown error: Element \u003clabel for\u003d\"stdPolicy...SearchText\" class\u003d\"col-md-5 control-label\"\u003eSearch\u003c/label\u003e is not clickable at point (147, 326). Other element would receive the click: \u003cdiv class\u003d\"btn-link btn-default ng-binding\" ng-click\u003d\"ChangeUrl(application);\"\u003e...\u003c/div\u003e\n  (Session info: chrome\u003d66.0.3359.181)\n  (Driver info: chromedriver\u003d2.35.528161 (5b82f2d2aae0ca24b877009200ced9065a772e73),platform\u003dWindows NT 6.1.7601 SP1 x86_64) (WARNING: The server did not provide any stacktrace information)\nCommand duration or timeout: 0 milliseconds\nBuild info: version: \u00273.7.1\u0027, revision: \u00278a0099a\u0027, time: \u00272017-11-06T21:07:36.161Z\u0027\nSystem info: host: \u0027BSS-L-CBROWN\u0027, ip: \u002710.32.88.37\u0027, os.name: \u0027Windows 7\u0027, os.arch: \u0027amd64\u0027, os.version: \u00276.1\u0027, java.version: \u00271.8.0_102\u0027\nDriver info: com.kms.katalon.selenium.driver.CChromeDriver\nCapabilities {acceptInsecureCerts: false, acceptSslCerts: false, applicationCacheEnabled: false, browserConnectionEnabled: false, browserName: chrome, chrome: {chromedriverVersion: 2.35.528161 (5b82f2d2aae0ca..., userDataDir: C:\\Users\\cbrown\\AppData\\Loc...}, cssSelectorsEnabled: true, databaseEnabled: false, handlesAlerts: true, hasTouchScreen: false, javascriptEnabled: true, locationContextEnabled: true, mobileEmulationEnabled: false, nativeEvents: true, networkConnectionEnabled: false, pageLoadStrategy: normal, platform: XP, platformName: XP, rotatable: false, setWindowRect: true, takesHeapSnapshot: true, takesScreenshot: true, unexpectedAlertBehaviour: , unhandledPromptBehavior: , version: 66.0.3359.181, webStorageEnabled: true}\nSession ID: 828b490f77b8721cdfb705a6f002779c)","startTime":1528103761589,"endTime":0,"childRecords":[],"interuppted":false}],"interuppted":false},{"isOptional":false,"type":"TEST_CASE","name":"Test Cases/UploadDocuments","id":"Test Cases/UploadDocuments","source":"C:\\\\Users\\\\cbrown\\\\Katalon Studio\\\\Encashments\\\\Test Cases\\\\UploadDocuments.tc","message":"Test Cases/UploadDocuments FAILED because (of) groovy.lang.MissingMethodException: No signature of method: static com.kms.katalon.core.webui.keyword.WebUiBuiltInKeywords.waitForElementVisible() is applicable for argument types: (com.kms.katalon.core.testobject.TestObject) values: [TestObject - \u0027Object Repository/Page_Clientle Unity/Page_EncashmentsRequiredDocs_OR/a_Required Documents\u0027]\nPossible solutions: waitForElementVisible(com.kms.katalon.core.testobject.TestObject, int), waitForElementVisible(com.kms.katalon.core.testobject.TestObject, int, com.kms.katalon.core.model.FailureHandling), waitForElementNotVisible(com.kms.katalon.core.testobject.TestObject, int), waitForElementNotVisible(com.kms.katalon.core.testobject.TestObject, int, com.kms.katalon.core.model.FailureHandling)","description":"","startTime":1528103761631,"endTime":1528103762014,"childRecords":[{"testStatus":{"stackTrace":"","statusValue":"INFO"},"type":"MESSAGE","name":"","message":"Evaluating variables for test case","startTime":1528103761644,"endTime":0,"childRecords":[],"interuppted":false},{"index":1,"isIgnoredIfFailed":false,"type":"TEST_STEP","name":"waitForElementVisible","message":"Finding Test Object with id \u0027Object Repository/Page_Clientle Unity/Page_EncashmentsRequiredDocs_OR/a_Required Documents\u0027","description":"","startTime":1528103761826,"endTime":1528103761835,"childRecords":[],"interuppted":false},{"testStatus":{"stackTrace":"","statusValue":"ERROR"},"type":"MESSAGE","name":"","message":"Test Cases/UploadDocuments FAILED because (of) groovy.lang.MissingMethodException: No signature of method: static com.kms.katalon.core.webui.keyword.WebUiBuiltInKeywords.waitForElementVisible() is applicable for argument types: (com.kms.katalon.core.testobject.TestObject) values: [TestObject - \u0027Object Repository/Page_Clientle Unity/Page_EncashmentsRequiredDocs_OR/a_Required Documents\u0027]\nPossible solutions: waitForElementVisible(com.kms.katalon.core.testobject.TestObject, int), waitForElementVisible(com.kms.katalon.core.testobject.TestObject, int, com.kms.katalon.core.model.FailureHandling), waitForElementNotVisible(com.kms.katalon.core.testobject.TestObject, int), waitForElementNotVisible(com.kms.katalon.core.testobject.TestObject, int, com.kms.katalon.core.model.FailureHandling)","startTime":1528103761972,"endTime":0,"childRecords":[],"interuppted":false}],"interuppted":false}],"interuppted":false}