Suite/Test/Step Name,Browser,Description,Start time,End time,Duration,Status
LoadEncashment,Chrome 66.0.3359.181,,2018-06-04 11:21:04,2018-06-04 11:21:17,12.912s,ERROR
,,,,,,
Test Cases/EncashmentLogins/LoginCBrown,Chrome 66.0.3359.181,,2018-06-04 11:21:05,2018-06-04 11:21:15,10.041s,PASSED
openBrowser,Chrome 66.0.3359.181,,2018-06-04 11:21:05,2018-06-04 11:21:09,3.820s,PASSED
navigateToUrl,Chrome 66.0.3359.181,,2018-06-04 11:21:09,2018-06-04 11:21:11,1.612s,PASSED
Statement - myTestObject = new com.kms.katalon.core.testobject.TestObject(HelloWorld),Chrome 66.0.3359.181,,2018-06-04 11:21:11,2018-06-04 11:21:11,0.019s,PASSED
Statement - properties = new java.util.ArrayList(),Chrome 66.0.3359.181,,2018-06-04 11:21:11,2018-06-04 11:21:11,0.001s,PASSED
"Statement - properties.add(new com.kms.katalon.core.testobject.TestObjectProperty(ng-model, com.kms.katalon.core.testobject.ConditionType.EQUALS, username))",Chrome 66.0.3359.181,,2018-06-04 11:21:11,2018-06-04 11:21:11,0.013s,PASSED
"Statement - properties.add(new com.kms.katalon.core.testobject.TestObjectProperty(tag, com.kms.katalon.core.testobject.ConditionType.EQUALS, input))",Chrome 66.0.3359.181,,2018-06-04 11:21:11,2018-06-04 11:21:11,0.002s,PASSED
Statement - myTestObject.setProperties(properties),Chrome 66.0.3359.181,,2018-06-04 11:21:11,2018-06-04 11:21:11,0.003s,PASSED
setText,Chrome 66.0.3359.181,,2018-06-04 11:21:11,2018-06-04 11:21:14,3.579s,PASSED
Statement - activeProperties = myTestObject.getProperties(),Chrome 66.0.3359.181,,2018-06-04 11:21:14,2018-06-04 11:21:14,0.002s,PASSED
Statement - For (def prop : activeProperties),Chrome 66.0.3359.181,,2018-06-04 11:21:14,2018-06-04 11:21:14,0.006s,PASSED
setText,Chrome 66.0.3359.181,,2018-06-04 11:21:14,2018-06-04 11:21:14,0.146s,PASSED
setText,Chrome 66.0.3359.181,,2018-06-04 11:21:14,2018-06-04 11:21:15,0.244s,PASSED
click,Chrome 66.0.3359.181,,2018-06-04 11:21:15,2018-06-04 11:21:15,0.117s,PASSED
,,,,,,
Test Cases/LoadNewEncashment,Chrome 66.0.3359.181,,2018-06-04 11:21:15,2018-06-04 11:21:16,0.824s,ERROR
Statement - row = 8,Chrome 66.0.3359.181,,2018-06-04 11:21:15,2018-06-04 11:21:15,0.001s,PASSED
navigateToUrl,Chrome 66.0.3359.181,,2018-06-04 11:21:15,2018-06-04 11:21:15,0.106s,PASSED
Statement - button_CloseDrawer = com.kms.katalon.core.testobject.ObjectRepository.findTestObject(Object Repository/Page_Clientle Unity/button__CloseMenuDrawer),Chrome 66.0.3359.181,,2018-06-04 11:21:15,2018-06-04 11:21:15,0.016s,PASSED
"Statement - If (com.kms.katalon.core.webui.keyword.WebUiBuiltInKeywords.verifyElementPresent(button_CloseDrawer, TimeOut))",Chrome 66.0.3359.181,,2018-06-04 11:21:15,2018-06-04 11:21:15,0.005s,PASSED
,,,,,,
Test Cases/UploadDocuments,Chrome 66.0.3359.181,,2018-06-04 11:21:16,2018-06-04 11:21:16,0.221s,ERROR
waitForElementVisible,Chrome 66.0.3359.181,,2018-06-04 11:21:16,2018-06-04 11:21:16,0.007s,PASSED
