Suite/Test/Step Name,Browser,Description,Start time,End time,Duration,Status
LoadEncashment,Chrome 67.0.3396.79,,2018-06-11 10:19:24,2018-06-11 10:19:40,16.489s,FAILED
,,,,,,
Test Cases/LoadNewEncashment,Chrome 67.0.3396.79,,2018-06-11 10:19:24,2018-06-11 10:19:39,15.130s,FAILED
callTestCase,Chrome 67.0.3396.79,,2018-06-11 10:19:25,2018-06-11 10:19:32,6.891s,PASSED
navigateToUrl,Chrome 67.0.3396.79,,2018-06-11 10:19:32,2018-06-11 10:19:32,0.041s,PASSED
waitForPageLoad,Chrome 67.0.3396.79,,2018-06-11 10:19:32,2018-06-11 10:19:32,0.053s,PASSED
verifyElementPresent,Chrome 67.0.3396.79,,2018-06-11 10:19:32,2018-06-11 10:19:33,0.583s,PASSED
setText,Chrome 67.0.3396.79,,2018-06-11 10:19:33,2018-06-11 10:19:34,1.020s,PASSED
click,Chrome 67.0.3396.79,,2018-06-11 10:19:34,2018-06-11 10:19:34,0.152s,PASSED
click,Chrome 67.0.3396.79,,2018-06-11 10:19:34,2018-06-11 10:19:35,0.685s,PASSED
takeScreenshot,Chrome 67.0.3396.79,,2018-06-11 10:19:35,2018-06-11 10:19:35,0.418s,PASSED
waitForElementVisible,Chrome 67.0.3396.79,,2018-06-11 10:19:35,2018-06-11 10:19:35,0.099s,PASSED
click,Chrome 67.0.3396.79,,2018-06-11 10:19:35,2018-06-11 10:19:35,0.107s,PASSED
takeScreenshot,Chrome 67.0.3396.79,,2018-06-11 10:19:35,2018-06-11 10:19:35,0.347s,PASSED
Statement - div_ValueRequestErrorMessage = com.kms.katalon.core.testobject.ObjectRepository.findTestObject(Object Repository/Page_Clientle Unity/div_ValueRequestErrorMessage),Chrome 67.0.3396.79,,2018-06-11 10:19:35,2018-06-11 10:19:35,0.004s,PASSED
waitForElementVisible,Chrome 67.0.3396.79,,2018-06-11 10:19:35,2018-06-11 10:19:39,3.977s,FAILED
