Suite/Test/Step Name,Browser,Description,Start time,End time,Duration,Status
LoadEncashment,Chrome 66.0.3359.181,,2018-06-04 11:04:41,2018-06-04 11:05:23,41.371s,FAILED
,,,,,,
Test Cases/EncashmentLogins/LoginCBrown,Chrome 66.0.3359.181,,2018-06-04 11:04:42,2018-06-04 11:04:49,7.517s,PASSED
openBrowser,Chrome 66.0.3359.181,,2018-06-04 11:04:42,2018-06-04 11:04:46,3.761s,PASSED
navigateToUrl,Chrome 66.0.3359.181,,2018-06-04 11:04:46,2018-06-04 11:04:47,0.644s,PASSED
Statement - myTestObject = new com.kms.katalon.core.testobject.TestObject(HelloWorld),Chrome 66.0.3359.181,,2018-06-04 11:04:47,2018-06-04 11:04:47,0.014s,PASSED
Statement - properties = new java.util.ArrayList(),Chrome 66.0.3359.181,,2018-06-04 11:04:47,2018-06-04 11:04:47,0.008s,PASSED
"Statement - properties.add(new com.kms.katalon.core.testobject.TestObjectProperty(ng-model, com.kms.katalon.core.testobject.ConditionType.EQUALS, username))",Chrome 66.0.3359.181,,2018-06-04 11:04:47,2018-06-04 11:04:47,0.022s,PASSED
"Statement - properties.add(new com.kms.katalon.core.testobject.TestObjectProperty(tag, com.kms.katalon.core.testobject.ConditionType.EQUALS, input))",Chrome 66.0.3359.181,,2018-06-04 11:04:47,2018-06-04 11:04:47,0.004s,PASSED
Statement - myTestObject.setProperties(properties),Chrome 66.0.3359.181,,2018-06-04 11:04:47,2018-06-04 11:04:47,0.005s,PASSED
setText,Chrome 66.0.3359.181,,2018-06-04 11:04:47,2018-06-04 11:04:49,2.064s,PASSED
Statement - activeProperties = myTestObject.getProperties(),Chrome 66.0.3359.181,,2018-06-04 11:04:49,2018-06-04 11:04:49,0.002s,PASSED
Statement - For (def prop : activeProperties),Chrome 66.0.3359.181,,2018-06-04 11:04:49,2018-06-04 11:04:49,0.006s,PASSED
setText,Chrome 66.0.3359.181,,2018-06-04 11:04:49,2018-06-04 11:04:49,0.169s,PASSED
setText,Chrome 66.0.3359.181,,2018-06-04 11:04:49,2018-06-04 11:04:49,0.223s,PASSED
click,Chrome 66.0.3359.181,,2018-06-04 11:04:49,2018-06-04 11:04:49,0.134s,PASSED
,,,,,,
Test Cases/LoadNewEncashment,Chrome 66.0.3359.181,,2018-06-04 11:04:49,2018-06-04 11:05:21,31.939s,FAILED
Statement - row = 7,Chrome 66.0.3359.181,,2018-06-04 11:04:50,2018-06-04 11:04:50,0.001s,PASSED
navigateToUrl,Chrome 66.0.3359.181,,2018-06-04 11:04:50,2018-06-04 11:04:50,0.071s,PASSED
verifyElementPresent,Chrome 66.0.3359.181,,2018-06-04 11:04:50,2018-06-04 11:04:50,0.559s,PASSED
click,Chrome 66.0.3359.181,,2018-06-04 11:04:50,2018-06-04 11:04:51,0.195s,PASSED
setText,Chrome 66.0.3359.181,,2018-06-04 11:04:51,2018-06-04 11:04:52,1.325s,PASSED
click,Chrome 66.0.3359.181,,2018-06-04 11:04:52,2018-06-04 11:04:52,0.139s,PASSED
click,Chrome 66.0.3359.181,,2018-06-04 11:04:52,2018-06-04 11:05:04,12.129s,PASSED
takeScreenshot,Chrome 66.0.3359.181,,2018-06-04 11:05:04,2018-06-04 11:05:05,0.362s,PASSED
waitForElementVisible,Chrome 66.0.3359.181,,2018-06-04 11:05:05,2018-06-04 11:05:05,0.260s,PASSED
click,Chrome 66.0.3359.181,,2018-06-04 11:05:05,2018-06-04 11:05:05,0.152s,PASSED
takeScreenshot,Chrome 66.0.3359.181,,2018-06-04 11:05:05,2018-06-04 11:05:05,0.388s,PASSED
waitForElementVisible,Chrome 66.0.3359.181,,2018-06-04 11:05:05,2018-06-04 11:05:21,15.554s,PASSED
click,Chrome 66.0.3359.181,,2018-06-04 11:05:21,2018-06-04 11:05:21,0.418s,FAILED
,,,,,,
Test Cases/UploadDocuments,Chrome 66.0.3359.181,,2018-06-04 11:05:21,2018-06-04 11:05:22,0.560s,ERROR
waitForElementVisible,Chrome 66.0.3359.181,,2018-06-04 11:05:22,2018-06-04 11:05:22,0.015s,PASSED
