Suite/Test/Step Name,Browser,Description,Start time,End time,Duration,Status
LoadEncashment,Chrome 66.0.3359.181,,2018-06-04 12:01:47,2018-06-04 12:02:08,20.546s,ERROR
,,,,,,
Test Cases/EncashmentLogins/LoginCBrown,Chrome 66.0.3359.181,,2018-06-04 12:01:47,2018-06-04 12:01:57,9.567s,PASSED
openBrowser,Chrome 66.0.3359.181,,2018-06-04 12:01:48,2018-06-04 12:01:52,3.844s,PASSED
navigateToUrl,Chrome 66.0.3359.181,,2018-06-04 12:01:52,2018-06-04 12:01:53,1.681s,PASSED
setText,Chrome 66.0.3359.181,,2018-06-04 12:01:53,2018-06-04 12:01:57,3.267s,PASSED
setText,Chrome 66.0.3359.181,,2018-06-04 12:01:57,2018-06-04 12:01:57,0.223s,PASSED
click,Chrome 66.0.3359.181,,2018-06-04 12:01:57,2018-06-04 12:01:57,0.121s,PASSED
,,,,,,
Test Cases/LoadNewEncashment,Chrome 66.0.3359.181,,2018-06-04 12:01:57,2018-06-04 12:02:06,9.100s,PASSED
navigateToUrl,Chrome 66.0.3359.181,,2018-06-04 12:01:57,2018-06-04 12:01:58,0.089s,PASSED
waitForPageLoad,Chrome 66.0.3359.181,,2018-06-04 12:01:58,2018-06-04 12:01:58,0.174s,PASSED
Statement - button_CloseDrawer = com.kms.katalon.core.testobject.ObjectRepository.findTestObject(Page_Clientle Unity/button__CloseMenuDrawer),Chrome 66.0.3359.181,,2018-06-04 12:01:58,2018-06-04 12:01:58,0.022s,PASSED
click,Chrome 66.0.3359.181,,2018-06-04 12:01:58,2018-06-04 12:01:58,0.204s,PASSED
verifyElementPresent,Chrome 66.0.3359.181,,2018-06-04 12:01:58,2018-06-04 12:01:58,0.085s,PASSED
click,Chrome 66.0.3359.181,,2018-06-04 12:01:58,2018-06-04 12:01:58,0.322s,PASSED
setText,Chrome 66.0.3359.181,,2018-06-04 12:01:58,2018-06-04 12:02:00,1.406s,PASSED
click,Chrome 66.0.3359.181,,2018-06-04 12:02:00,2018-06-04 12:02:00,0.116s,PASSED
click,Chrome 66.0.3359.181,,2018-06-04 12:02:00,2018-06-04 12:02:01,0.733s,PASSED
takeScreenshot,Chrome 66.0.3359.181,,2018-06-04 12:02:01,2018-06-04 12:02:01,0.565s,PASSED
waitForElementVisible,Chrome 66.0.3359.181,,2018-06-04 12:02:01,2018-06-04 12:02:01,0.121s,PASSED
click,Chrome 66.0.3359.181,,2018-06-04 12:02:01,2018-06-04 12:02:01,0.096s,PASSED
takeScreenshot,Chrome 66.0.3359.181,,2018-06-04 12:02:01,2018-06-04 12:02:02,0.434s,PASSED
waitForElementVisible,Chrome 66.0.3359.181,,2018-06-04 12:02:02,2018-06-04 12:02:02,0.065s,PASSED
click,Chrome 66.0.3359.181,,2018-06-04 12:02:02,2018-06-04 12:02:02,0.096s,PASSED
takeScreenshot,Chrome 66.0.3359.181,,2018-06-04 12:02:02,2018-06-04 12:02:02,0.302s,PASSED
waitForAngularLoad,Chrome 66.0.3359.181,,2018-06-04 12:02:02,2018-06-04 12:02:03,1.062s,PASSED
waitForElementVisible,Chrome 66.0.3359.181,,2018-06-04 12:02:03,2018-06-04 12:02:03,0.050s,PASSED
click,Chrome 66.0.3359.181,,2018-06-04 12:02:03,2018-06-04 12:02:03,0.076s,PASSED
selectOptionByLabel,Chrome 66.0.3359.181,,2018-06-04 12:02:03,2018-06-04 12:02:04,0.234s,PASSED
setText,Chrome 66.0.3359.181,,2018-06-04 12:02:04,2018-06-04 12:02:04,0.606s,PASSED
setText,Chrome 66.0.3359.181,,2018-06-04 12:02:04,2018-06-04 12:02:05,0.328s,PASSED
Statement - EncashAvailableAmnt = com.kms.katalon.core.webui.keyword.WebUiBuiltInKeywords.getText(com.kms.katalon.core.testobject.ObjectRepository.findTestObject(Object Repository/Page_Clientle Unity/Page_NewEncashment_OR/label_AvailableAmount)),Chrome 66.0.3359.181,,2018-06-04 12:02:05,2018-06-04 12:02:05,0.086s,PASSED
"Statement - println(""--------------------"" + EncashAvailableAmnt + ""--------------------"")",Chrome 66.0.3359.181,,2018-06-04 12:02:05,2018-06-04 12:02:05,0.003s,PASSED
"Statement - SplitString = EncashAvailableAmnt.split("" "")",Chrome 66.0.3359.181,,2018-06-04 12:02:05,2018-06-04 12:02:05,0.003s,PASSED
Statement - println(SplitString),Chrome 66.0.3359.181,,2018-06-04 12:02:05,2018-06-04 12:02:05,0.001s,PASSED
Statement - last = SplitString[length - 1],Chrome 66.0.3359.181,,2018-06-04 12:02:05,2018-06-04 12:02:05,0.010s,PASSED
"Statement - encashValue = com.kms.katalon.core.testdata.TestDataFactory.findTestData(EncashmentPolicies).getValue(""encashAmount"", row)",Chrome 66.0.3359.181,,2018-06-04 12:02:05,2018-06-04 12:02:05,0.040s,PASSED
Statement - AvailableEncashmentAmount = last.toString(),Chrome 66.0.3359.181,,2018-06-04 12:02:05,2018-06-04 12:02:05,0.009s,PASSED
Statement - encashAmnt = encashValue.toString(),Chrome 66.0.3359.181,,2018-06-04 12:02:05,2018-06-04 12:02:05,0.001s,PASSED
Statement - If (last < encashValue),Chrome 66.0.3359.181,,2018-06-04 12:02:05,2018-06-04 12:02:05,0.289s,PASSED
click,Chrome 66.0.3359.181,,2018-06-04 12:02:05,2018-06-04 12:02:05,0.099s,PASSED
selectOptionByValue,Chrome 66.0.3359.181,,2018-06-04 12:02:05,2018-06-04 12:02:05,0.286s,PASSED
click,Chrome 66.0.3359.181,,2018-06-04 12:02:05,2018-06-04 12:02:06,0.124s,PASSED
waitForElementPresent,Chrome 66.0.3359.181,,2018-06-04 12:02:06,2018-06-04 12:02:06,0.043s,PASSED
Statement - NewEncashment = com.kms.katalon.core.webui.keyword.WebUiBuiltInKeywords.getText(com.kms.katalon.core.testobject.ObjectRepository.findTestObject(Object Repository/Page_Clientle Unity/h2_Encashment - (New))),Chrome 66.0.3359.181,,2018-06-04 12:02:06,2018-06-04 12:02:06,0.094s,PASSED
"Statement - println(""---------------"" + NewEncashment + ""-------------------"")",Chrome 66.0.3359.181,,2018-06-04 12:02:06,2018-06-04 12:02:06,0.001s,PASSED
"Statement - SplitEncashNo = NewEncashment.split("" - "")",Chrome 66.0.3359.181,,2018-06-04 12:02:06,2018-06-04 12:02:06,0.000s,PASSED
"Statement - println(""---------------"" + SplitEncashNo + ""-------------------"")",Chrome 66.0.3359.181,,2018-06-04 12:02:06,2018-06-04 12:02:06,0.001s,PASSED
Statement - EncashmentNo = SplitEncashNo[length - 2],Chrome 66.0.3359.181,,2018-06-04 12:02:06,2018-06-04 12:02:06,0.001s,PASSED
"Statement - println(""---------------"" + EncashmentNo + ""-------------------"")",Chrome 66.0.3359.181,,2018-06-04 12:02:06,2018-06-04 12:02:06,0.000s,PASSED
takeScreenshot,Chrome 66.0.3359.181,,2018-06-04 12:02:06,2018-06-04 12:02:06,0.258s,PASSED
waitForPageLoad,Chrome 66.0.3359.181,,2018-06-04 12:02:06,2018-06-04 12:02:06,0.095s,PASSED
,,,,,,
Test Cases/UploadDocuments,Chrome 66.0.3359.181,,2018-06-04 12:02:06,2018-06-04 12:02:07,0.584s,ERROR
waitForElementVisible,Chrome 66.0.3359.181,,2018-06-04 12:02:06,2018-06-04 12:02:06,0.012s,PASSED
