{"devicePlatform":"","logFolder":"C:\\Users\\cbrown\\Katalon Studio\\Encashments\\Reports\\LoadEncashment\\20180604_120145","runData":{"hostName":"CBrown - Bss-L-Cbrown.clientele.local","os":"Windows 7 64bit","katalonVersion":"5.4.2.1","browser":"Chrome 66.0.3359.181","hostAddress":"10.32.88.37","sessionId":"1b9b4770f41166b3f8066b8ac029c3ab","seleniumVersion":"3.7.1","proxyInformation":"ProxyInformation{proxyOption\u003dNO_PROXY, proxyServerType\u003dHTTP, password\u003d, proxyServerAddress\u003d, proxyServerPort\u003d0}","platform":"Windows 7"},"type":"TEST_SUITE","name":"LoadEncashment","id":"Test Suites/LoadEncashment","source":"","message":"Test Cases/UploadDocuments FAILED because (of) groovy.lang.MissingMethodException: No signature of method: static com.kms.katalon.core.webui.keyword.WebUiBuiltInKeywords.waitForElementVisible() is applicable for argument types: (com.kms.katalon.core.testobject.TestObject) values: [TestObject - \u0027Object Repository/Page_Clientle Unity/Page_EncashmentsRequiredDocs_OR/a_Required Documents\u0027]\nPossible solutions: waitForElementVisible(com.kms.katalon.core.testobject.TestObject, int), waitForElementVisible(com.kms.katalon.core.testobject.TestObject, int, com.kms.katalon.core.model.FailureHandling), waitForElementNotVisible(com.kms.katalon.core.testobject.TestObject, int), waitForElementNotVisible(com.kms.katalon.core.testobject.TestObject, int, com.kms.katalon.core.model.FailureHandling)","description":"","startTime":1528106507495,"endTime":1528106528041,"childRecords":[{"isOptional":false,"type":"TEST_CASE","name":"Test Cases/EncashmentLogins/LoginCBrown","id":"Test Cases/EncashmentLogins/LoginCBrown","source":"C:\\\\Users\\\\cbrown\\\\Katalon Studio\\\\Encashments\\\\Test Cases\\\\EncashmentLogins\\\\LoginCBrown.tc","message":"Test Cases/EncashmentLogins/LoginCBrown","description":"","startTime":1528106507923,"endTime":1528106517490,"childRecords":[{"testStatus":{"stackTrace":"","statusValue":"INFO"},"type":"MESSAGE","name":"","message":"Evaluating variables for test case","startTime":1528106507959,"endTime":0,"childRecords":[],"interuppted":false},{"index":1,"isIgnoredIfFailed":false,"type":"TEST_STEP","name":"openBrowser","message":"Browser is opened with url: \u0027\u0027","description":"","startTime":1528106508349,"endTime":1528106512193,"childRecords":[{"testStatus":{"stackTrace":"","statusValue":"PASSED"},"type":"MESSAGE","name":"","message":"Browser is opened with url: \u0027\u0027","startTime":1528106512192,"endTime":0,"childRecords":[],"interuppted":false}],"interuppted":false},{"index":2,"isIgnoredIfFailed":false,"type":"TEST_STEP","name":"navigateToUrl","message":"Navigate to \u0027http://unitytest.clientele.local/#/\u0027 successfully","description":"","startTime":1528106512193,"endTime":1528106513874,"childRecords":[{"testStatus":{"stackTrace":"","statusValue":"PASSED"},"type":"MESSAGE","name":"","message":"Navigate to \u0027http://unitytest.clientele.local/#/\u0027 successfully","startTime":1528106513874,"endTime":0,"childRecords":[],"interuppted":false}],"interuppted":false},{"index":3,"isIgnoredIfFailed":false,"type":"TEST_STEP","name":"setText","message":"Text \u0027Cbrown\u0027 is set on object \u0027Object Repository/page_UnityLogin_OR/input_username\u0027","description":"","startTime":1528106513875,"endTime":1528106517142,"childRecords":[{"testStatus":{"stackTrace":"","statusValue":"PASSED"},"type":"MESSAGE","name":"","message":"Text \u0027Cbrown\u0027 is set on object \u0027Object Repository/page_UnityLogin_OR/input_username\u0027","startTime":1528106517141,"endTime":0,"childRecords":[],"interuppted":false}],"interuppted":false},{"index":4,"isIgnoredIfFailed":false,"type":"TEST_STEP","name":"setText","message":"Text \u0027MyMayPwrd!2018\u0027 is set on object \u0027Object Repository/page_UnityLogin_OR/input_password\u0027","description":"","startTime":1528106517143,"endTime":1528106517366,"childRecords":[{"testStatus":{"stackTrace":"","statusValue":"PASSED"},"type":"MESSAGE","name":"","message":"Text \u0027MyMayPwrd!2018\u0027 is set on object \u0027Object Repository/page_UnityLogin_OR/input_password\u0027","startTime":1528106517365,"endTime":0,"childRecords":[],"interuppted":false}],"interuppted":false},{"index":5,"isIgnoredIfFailed":false,"type":"TEST_STEP","name":"click","message":"Object: \u0027Object Repository/page_UnityLogin_OR/button_Log in\u0027 is clicked on","description":"","startTime":1528106517367,"endTime":1528106517488,"childRecords":[{"testStatus":{"stackTrace":"","statusValue":"PASSED"},"type":"MESSAGE","name":"","message":"Object: \u0027Object Repository/page_UnityLogin_OR/button_Log in\u0027 is clicked on","startTime":1528106517488,"endTime":0,"childRecords":[],"interuppted":false}],"interuppted":false},{"testStatus":{"stackTrace":"","statusValue":"PASSED"},"type":"MESSAGE","name":"","message":"Test Cases/EncashmentLogins/LoginCBrown","startTime":1528106517489,"endTime":0,"childRecords":[],"interuppted":false}],"interuppted":false},{"isOptional":false,"type":"TEST_CASE","name":"Test Cases/LoadNewEncashment","id":"Test Cases/LoadNewEncashment","source":"C:\\\\Users\\\\cbrown\\\\Katalon Studio\\\\Encashments\\\\Test Cases\\\\LoadNewEncashment.tc","message":"Test Cases/LoadNewEncashment","description":"","startTime":1528106517494,"endTime":1528106526594,"childRecords":[{"testStatus":{"stackTrace":"","statusValue":"INFO"},"type":"MESSAGE","name":"","message":"Evaluating variables for test case","startTime":1528106517527,"endTime":0,"childRecords":[],"interuppted":false},{"index":1,"isIgnoredIfFailed":false,"type":"TEST_STEP","name":"navigateToUrl","message":"Navigate to \u0027http://unitytest.clientele.local/#/Encashments/\u0027 successfully","description":"","startTime":1528106517948,"endTime":1528106518037,"childRecords":[{"testStatus":{"stackTrace":"","statusValue":"PASSED"},"type":"MESSAGE","name":"","message":"Navigate to \u0027http://unitytest.clientele.local/#/Encashments/\u0027 successfully","startTime":1528106518036,"endTime":0,"childRecords":[],"interuppted":false}],"interuppted":false},{"index":2,"isIgnoredIfFailed":false,"type":"TEST_STEP","name":"waitForPageLoad","message":"Wait for page load successfully","description":"","startTime":1528106518038,"endTime":1528106518212,"childRecords":[{"testStatus":{"stackTrace":"","statusValue":"PASSED"},"type":"MESSAGE","name":"","message":"Wait for page load successfully","startTime":1528106518210,"endTime":0,"childRecords":[],"interuppted":false}],"interuppted":false},{"index":3,"isIgnoredIfFailed":false,"type":"TEST_STEP","name":"Statement - button_CloseDrawer \u003d com.kms.katalon.core.testobject.ObjectRepository.findTestObject(Page_Clientle Unity/button__CloseMenuDrawer)","message":"Finding Test Object with id \u0027Object Repository/Page_Clientle Unity/button__CloseMenuDrawer\u0027","description":"","startTime":1528106518212,"endTime":1528106518234,"childRecords":[],"interuppted":false},{"index":4,"isIgnoredIfFailed":false,"type":"TEST_STEP","name":"click","message":"Object: \u0027Object Repository/Page_Clientle Unity/button__CloseMenuDrawer\u0027 is clicked on","description":"","startTime":1528106518234,"endTime":1528106518438,"childRecords":[{"testStatus":{"stackTrace":"","statusValue":"PASSED"},"type":"MESSAGE","name":"","message":"Object: \u0027Object Repository/Page_Clientle Unity/button__CloseMenuDrawer\u0027 is clicked on","startTime":1528106518437,"endTime":0,"childRecords":[],"interuppted":false}],"interuppted":false},{"index":5,"isIgnoredIfFailed":false,"type":"TEST_STEP","name":"verifyElementPresent","message":"Object \u0027Object Repository/Page_Clientle Unity/h1_Clientle Encashments Search\u0027 is present","description":"","startTime":1528106518438,"endTime":1528106518523,"childRecords":[{"testStatus":{"stackTrace":"","statusValue":"PASSED"},"type":"MESSAGE","name":"","message":"Object \u0027Object Repository/Page_Clientle Unity/h1_Clientle Encashments Search\u0027 is present","startTime":1528106518523,"endTime":0,"childRecords":[],"interuppted":false}],"interuppted":false},{"index":6,"isIgnoredIfFailed":false,"type":"TEST_STEP","name":"click","message":"Object: \u0027Object Repository/Page_Clientle Unity/label_Search\u0027 is clicked on","description":"","startTime":1528106518524,"endTime":1528106518846,"childRecords":[{"testStatus":{"stackTrace":"","statusValue":"PASSED"},"type":"MESSAGE","name":"","message":"Object: \u0027Object Repository/Page_Clientle Unity/label_Search\u0027 is clicked on","startTime":1528106518845,"endTime":0,"childRecords":[],"interuppted":false}],"interuppted":false},{"index":7,"isIgnoredIfFailed":false,"type":"TEST_STEP","name":"setText","message":"Text \u0027613016744\u0027 is set on object \u0027Object Repository/Page_Clientle Unity/input_stdPolicySearchSearchTex\u0027","description":"","startTime":1528106518846,"endTime":1528106520252,"childRecords":[{"testStatus":{"stackTrace":"","statusValue":"PASSED"},"type":"MESSAGE","name":"","message":"Text \u0027613016744\u0027 is set on object \u0027Object Repository/Page_Clientle Unity/input_stdPolicySearchSearchTex\u0027","startTime":1528106520251,"endTime":0,"childRecords":[],"interuppted":false}],"interuppted":false},{"index":8,"isIgnoredIfFailed":false,"type":"TEST_STEP","name":"click","message":"Object: \u0027Object Repository/Page_Clientle Unity/button_Search\u0027 is clicked on","description":"","startTime":1528106520253,"endTime":1528106520369,"childRecords":[{"testStatus":{"stackTrace":"","statusValue":"PASSED"},"type":"MESSAGE","name":"","message":"Object: \u0027Object Repository/Page_Clientle Unity/button_Search\u0027 is clicked on","startTime":1528106520367,"endTime":0,"childRecords":[],"interuppted":false}],"interuppted":false},{"index":9,"isIgnoredIfFailed":false,"type":"TEST_STEP","name":"click","message":"Object: \u0027Object Repository/Page_Clientle Unity/a_Details\u0027 is clicked on","description":"","startTime":1528106520369,"endTime":1528106521102,"childRecords":[{"testStatus":{"stackTrace":"","statusValue":"PASSED"},"type":"MESSAGE","name":"","message":"Object: \u0027Object Repository/Page_Clientle Unity/a_Details\u0027 is clicked on","startTime":1528106521100,"endTime":0,"childRecords":[],"interuppted":false}],"interuppted":false},{"attachment":"C:\\\\Users\\\\cbrown\\\\Katalon Studio\\\\Encashments\\\\Reports\\\\LoadEncashment\\\\20180604_120145\\\\1528106521125.png","index":10,"isIgnoredIfFailed":false,"type":"TEST_STEP","name":"takeScreenshot","message":"Taking screenshot successfully","description":"","startTime":1528106521102,"endTime":1528106521667,"childRecords":[{"testStatus":{"stackTrace":"","statusValue":"PASSED"},"attachment":"C:\\\\Users\\\\cbrown\\\\Katalon Studio\\\\Encashments\\\\Reports\\\\LoadEncashment\\\\20180604_120145\\\\1528106521125.png","type":"MESSAGE","name":"","message":"Taking screenshot successfully","startTime":1528106521665,"endTime":0,"childRecords":[],"interuppted":false}],"interuppted":false},{"index":11,"isIgnoredIfFailed":false,"type":"TEST_STEP","name":"waitForElementVisible","message":"Object \u0027Object Repository/Page_Clientle Unity/a_Get Value\u0027 is visible","description":"","startTime":1528106521668,"endTime":1528106521789,"childRecords":[{"testStatus":{"stackTrace":"","statusValue":"PASSED"},"type":"MESSAGE","name":"","message":"Object \u0027Object Repository/Page_Clientle Unity/a_Get Value\u0027 is visible","startTime":1528106521789,"endTime":0,"childRecords":[],"interuppted":false}],"interuppted":false},{"index":12,"isIgnoredIfFailed":false,"type":"TEST_STEP","name":"click","message":"Object: \u0027Object Repository/Page_Clientle Unity/a_Get Value\u0027 is clicked on","description":"","startTime":1528106521790,"endTime":1528106521886,"childRecords":[{"testStatus":{"stackTrace":"","statusValue":"PASSED"},"type":"MESSAGE","name":"","message":"Object: \u0027Object Repository/Page_Clientle Unity/a_Get Value\u0027 is clicked on","startTime":1528106521884,"endTime":0,"childRecords":[],"interuppted":false}],"interuppted":false},{"attachment":"C:\\\\Users\\\\cbrown\\\\Katalon Studio\\\\Encashments\\\\Reports\\\\LoadEncashment\\\\20180604_120145\\\\1528106521887.png","index":13,"isIgnoredIfFailed":false,"type":"TEST_STEP","name":"takeScreenshot","message":"Taking screenshot successfully","description":"","startTime":1528106521886,"endTime":1528106522320,"childRecords":[{"testStatus":{"stackTrace":"","statusValue":"PASSED"},"attachment":"C:\\\\Users\\\\cbrown\\\\Katalon Studio\\\\Encashments\\\\Reports\\\\LoadEncashment\\\\20180604_120145\\\\1528106521887.png","type":"MESSAGE","name":"","message":"Taking screenshot successfully","startTime":1528106522319,"endTime":0,"childRecords":[],"interuppted":false}],"interuppted":false},{"index":14,"isIgnoredIfFailed":false,"type":"TEST_STEP","name":"waitForElementVisible","message":"Object \u0027Object Repository/Page_Clientle Unity/button_Create Encashment\u0027 is visible","description":"","startTime":1528106522320,"endTime":1528106522385,"childRecords":[{"testStatus":{"stackTrace":"","statusValue":"PASSED"},"type":"MESSAGE","name":"","message":"Object \u0027Object Repository/Page_Clientle Unity/button_Create Encashment\u0027 is visible","startTime":1528106522384,"endTime":0,"childRecords":[],"interuppted":false}],"interuppted":false},{"index":15,"isIgnoredIfFailed":false,"type":"TEST_STEP","name":"click","message":"Object: \u0027Object Repository/Page_Clientle Unity/button_Create Encashment\u0027 is clicked on","description":"","startTime":1528106522385,"endTime":1528106522481,"childRecords":[{"testStatus":{"stackTrace":"","statusValue":"PASSED"},"type":"MESSAGE","name":"","message":"Object: \u0027Object Repository/Page_Clientle Unity/button_Create Encashment\u0027 is clicked on","startTime":1528106522481,"endTime":0,"childRecords":[],"interuppted":false}],"interuppted":false},{"attachment":"C:\\\\Users\\\\cbrown\\\\Katalon Studio\\\\Encashments\\\\Reports\\\\LoadEncashment\\\\20180604_120145\\\\1528106522483.png","index":16,"isIgnoredIfFailed":false,"type":"TEST_STEP","name":"takeScreenshot","message":"Taking screenshot successfully","description":"","startTime":1528106522482,"endTime":1528106522784,"childRecords":[{"testStatus":{"stackTrace":"","statusValue":"PASSED"},"attachment":"C:\\\\Users\\\\cbrown\\\\Katalon Studio\\\\Encashments\\\\Reports\\\\LoadEncashment\\\\20180604_120145\\\\1528106522483.png","type":"MESSAGE","name":"","message":"Taking screenshot successfully","startTime":1528106522783,"endTime":0,"childRecords":[],"interuppted":false}],"interuppted":false},{"index":17,"isIgnoredIfFailed":false,"type":"TEST_STEP","name":"waitForAngularLoad","message":"Angular is ready.","description":"","startTime":1528106522784,"endTime":1528106523846,"childRecords":[{"testStatus":{"stackTrace":"","statusValue":"PASSED"},"type":"MESSAGE","name":"","message":"Angular is ready.","startTime":1528106523846,"endTime":0,"childRecords":[],"interuppted":false}],"interuppted":false},{"index":18,"isIgnoredIfFailed":false,"type":"TEST_STEP","name":"waitForElementVisible","message":"Object \u0027Object Repository/Page_Clientle Unity/label_Pay To\u0027 is visible","description":"","startTime":1528106523847,"endTime":1528106523897,"childRecords":[{"testStatus":{"stackTrace":"","statusValue":"PASSED"},"type":"MESSAGE","name":"","message":"Object \u0027Object Repository/Page_Clientle Unity/label_Pay To\u0027 is visible","startTime":1528106523896,"endTime":0,"childRecords":[],"interuppted":false}],"interuppted":false},{"index":19,"isIgnoredIfFailed":false,"type":"TEST_STEP","name":"click","message":"Object: \u0027Object Repository/Page_Clientle Unity/label_Pay To\u0027 is clicked on","description":"","startTime":1528106523897,"endTime":1528106523973,"childRecords":[{"testStatus":{"stackTrace":"","statusValue":"PASSED"},"type":"MESSAGE","name":"","message":"Object: \u0027Object Repository/Page_Clientle Unity/label_Pay To\u0027 is clicked on","startTime":1528106523972,"endTime":0,"childRecords":[],"interuppted":false}],"interuppted":false},{"index":20,"isIgnoredIfFailed":false,"type":"TEST_STEP","name":"selectOptionByLabel","message":"All options with label \u0027Policy Payer\u0027 are selected in object \u0027Object Repository/Page_Clientle Unity/select_PayTo\u0027 ","description":"","startTime":1528106523973,"endTime":1528106524207,"childRecords":[{"testStatus":{"stackTrace":"","statusValue":"PASSED"},"type":"MESSAGE","name":"","message":"All options with label \u0027Policy Payer\u0027 are selected in object \u0027Object Repository/Page_Clientle Unity/select_PayTo\u0027 ","startTime":1528106524206,"endTime":0,"childRecords":[],"interuppted":false}],"interuppted":false},{"index":21,"isIgnoredIfFailed":false,"type":"TEST_STEP","name":"setText","message":"Text \u0027cbrown@clientele.co.za\u0027 is set on object \u0027Object Repository/Page_Clientle Unity/input_Email\u0027","description":"","startTime":1528106524207,"endTime":1528106524813,"childRecords":[{"testStatus":{"stackTrace":"","statusValue":"PASSED"},"type":"MESSAGE","name":"","message":"Text \u0027cbrown@clientele.co.za\u0027 is set on object \u0027Object Repository/Page_Clientle Unity/input_Email\u0027","startTime":1528106524811,"endTime":0,"childRecords":[],"interuppted":false}],"interuppted":false},{"index":22,"isIgnoredIfFailed":false,"type":"TEST_STEP","name":"setText","message":"Text \u00270815591772\u0027 is set on object \u0027Object Repository/Page_Clientle Unity/input_CellNumber\u0027","description":"","startTime":1528106524813,"endTime":1528106525141,"childRecords":[{"testStatus":{"stackTrace":"","statusValue":"PASSED"},"type":"MESSAGE","name":"","message":"Text \u00270815591772\u0027 is set on object \u0027Object Repository/Page_Clientle Unity/input_CellNumber\u0027","startTime":1528106525140,"endTime":0,"childRecords":[],"interuppted":false}],"interuppted":false},{"index":23,"isIgnoredIfFailed":false,"type":"TEST_STEP","name":"Statement - EncashAvailableAmnt \u003d com.kms.katalon.core.webui.keyword.WebUiBuiltInKeywords.getText(com.kms.katalon.core.testobject.ObjectRepository.findTestObject(Object Repository/Page_Clientle Unity/Page_NewEncashment_OR/label_AvailableAmount))","message":"Text of object \u0027Object Repository/Page_Clientle Unity/Page_NewEncashment_OR/label_AvailableAmount\u0027 is: \u0027Available Amount: R 1283.69\u0027","description":"","startTime":1528106525145,"endTime":1528106525231,"childRecords":[{"testStatus":{"stackTrace":"","statusValue":"PASSED"},"type":"MESSAGE","name":"","message":"Text of object \u0027Object Repository/Page_Clientle Unity/Page_NewEncashment_OR/label_AvailableAmount\u0027 is: \u0027Available Amount: R 1283.69\u0027","startTime":1528106525230,"endTime":0,"childRecords":[],"interuppted":false}],"interuppted":false},{"index":24,"isIgnoredIfFailed":false,"type":"TEST_STEP","name":"Statement - println(\"--------------------\" + EncashAvailableAmnt + \"--------------------\")","description":"","startTime":1528106525232,"endTime":1528106525235,"childRecords":[],"interuppted":false},{"index":25,"isIgnoredIfFailed":false,"type":"TEST_STEP","name":"Statement - SplitString \u003d EncashAvailableAmnt.split(\" \")","description":"","startTime":1528106525236,"endTime":1528106525239,"childRecords":[],"interuppted":false},{"index":26,"isIgnoredIfFailed":false,"type":"TEST_STEP","name":"Statement - println(SplitString)","description":"","startTime":1528106525239,"endTime":1528106525240,"childRecords":[],"interuppted":false},{"index":27,"isIgnoredIfFailed":false,"type":"TEST_STEP","name":"Statement - last \u003d SplitString[length - 1]","description":"","startTime":1528106525240,"endTime":1528106525250,"childRecords":[],"interuppted":false},{"index":28,"isIgnoredIfFailed":false,"type":"TEST_STEP","name":"Statement - encashValue \u003d com.kms.katalon.core.testdata.TestDataFactory.findTestData(EncashmentPolicies).getValue(\"encashAmount\", row)","message":"Reading excel file with source file \u0027C:\\Users\\cbrown\\Documents\\Automation\\EncashmentDTT.xlsx\u0027 and sheet name \u0027CWBEN\u0027","description":"","startTime":1528106525250,"endTime":1528106525290,"childRecords":[],"interuppted":false},{"index":29,"isIgnoredIfFailed":false,"type":"TEST_STEP","name":"Statement - AvailableEncashmentAmount \u003d last.toString()","description":"","startTime":1528106525290,"endTime":1528106525299,"childRecords":[],"interuppted":false},{"index":30,"isIgnoredIfFailed":false,"type":"TEST_STEP","name":"Statement - encashAmnt \u003d encashValue.toString()","description":"","startTime":1528106525299,"endTime":1528106525300,"childRecords":[],"interuppted":false},{"index":31,"isIgnoredIfFailed":false,"type":"TEST_STEP","name":"Statement - If (last \u003c encashValue)","message":"Text \u00271283.69\u0027 is set on object \u0027Object Repository/Page_Clientle Unity/input_encashAmount\u0027","description":"","startTime":1528106525300,"endTime":1528106525589,"childRecords":[{"index":1,"isIgnoredIfFailed":false,"type":"TEST_STEP","name":"setText","message":"Text \u00271283.69\u0027 is set on object \u0027Object Repository/Page_Clientle Unity/input_encashAmount\u0027","description":"","startTime":1528106525301,"endTime":1528106525589,"childRecords":[{"testStatus":{"stackTrace":"","statusValue":"PASSED"},"type":"MESSAGE","name":"","message":"Text \u00271283.69\u0027 is set on object \u0027Object Repository/Page_Clientle Unity/input_encashAmount\u0027","startTime":1528106525588,"endTime":0,"childRecords":[],"interuppted":false}],"interuppted":false}],"interuppted":false},{"index":33,"isIgnoredIfFailed":false,"type":"TEST_STEP","name":"click","message":"Object: \u0027Object Repository/Page_Clientle Unity/label_Reason\u0027 is clicked on","description":"","startTime":1528106525589,"endTime":1528106525688,"childRecords":[{"testStatus":{"stackTrace":"","statusValue":"PASSED"},"type":"MESSAGE","name":"","message":"Object: \u0027Object Repository/Page_Clientle Unity/label_Reason\u0027 is clicked on","startTime":1528106525688,"endTime":0,"childRecords":[],"interuppted":false}],"interuppted":false},{"index":34,"isIgnoredIfFailed":false,"type":"TEST_STEP","name":"selectOptionByValue","message":"All options with value \u00270\u0027 are selected in object \u0027Object Repository/Page_Clientle Unity/select_Reason\u0027  using regular expression","description":"","startTime":1528106525688,"endTime":1528106525974,"childRecords":[{"testStatus":{"stackTrace":"","statusValue":"PASSED"},"type":"MESSAGE","name":"","message":"All options with value \u00270\u0027 are selected in object \u0027Object Repository/Page_Clientle Unity/select_Reason\u0027  using regular expression","startTime":1528106525973,"endTime":0,"childRecords":[],"interuppted":false}],"interuppted":false},{"index":35,"isIgnoredIfFailed":false,"type":"TEST_STEP","name":"click","message":"Object: \u0027Object Repository/Page_Clientle Unity/button_Save\u0027 is clicked on","description":"","startTime":1528106525974,"endTime":1528106526098,"childRecords":[{"testStatus":{"stackTrace":"","statusValue":"PASSED"},"type":"MESSAGE","name":"","message":"Object: \u0027Object Repository/Page_Clientle Unity/button_Save\u0027 is clicked on","startTime":1528106526097,"endTime":0,"childRecords":[],"interuppted":false}],"interuppted":false},{"index":36,"isIgnoredIfFailed":false,"type":"TEST_STEP","name":"waitForElementPresent","message":"Object \u0027Object Repository/Page_Clientle Unity/h2_Encashment - (New)\u0027 is present","description":"","startTime":1528106526098,"endTime":1528106526141,"childRecords":[{"testStatus":{"stackTrace":"","statusValue":"PASSED"},"type":"MESSAGE","name":"","message":"Object \u0027Object Repository/Page_Clientle Unity/h2_Encashment - (New)\u0027 is present","startTime":1528106526140,"endTime":0,"childRecords":[],"interuppted":false}],"interuppted":false},{"index":37,"isIgnoredIfFailed":false,"type":"TEST_STEP","name":"Statement - NewEncashment \u003d com.kms.katalon.core.webui.keyword.WebUiBuiltInKeywords.getText(com.kms.katalon.core.testobject.ObjectRepository.findTestObject(Object Repository/Page_Clientle Unity/h2_Encashment - (New)))","message":"Text of object \u0027Object Repository/Page_Clientle Unity/h2_Encashment - (New)\u0027 is: \u0027Create Encashment For - 613016744\nEncashment Value Summary\u0027","description":"","startTime":1528106526141,"endTime":1528106526235,"childRecords":[{"testStatus":{"stackTrace":"","statusValue":"PASSED"},"type":"MESSAGE","name":"","message":"Text of object \u0027Object Repository/Page_Clientle Unity/h2_Encashment - (New)\u0027 is: \u0027Create Encashment For - 613016744\nEncashment Value Summary\u0027","startTime":1528106526234,"endTime":0,"childRecords":[],"interuppted":false}],"interuppted":false},{"index":38,"isIgnoredIfFailed":false,"type":"TEST_STEP","name":"Statement - println(\"---------------\" + NewEncashment + \"-------------------\")","description":"","startTime":1528106526235,"endTime":1528106526236,"childRecords":[],"interuppted":false},{"index":39,"isIgnoredIfFailed":false,"type":"TEST_STEP","name":"Statement - SplitEncashNo \u003d NewEncashment.split(\" - \")","description":"","startTime":1528106526236,"endTime":1528106526236,"childRecords":[],"interuppted":false},{"index":40,"isIgnoredIfFailed":false,"type":"TEST_STEP","name":"Statement - println(\"---------------\" + SplitEncashNo + \"-------------------\")","description":"","startTime":1528106526236,"endTime":1528106526237,"childRecords":[],"interuppted":false},{"index":41,"isIgnoredIfFailed":false,"type":"TEST_STEP","name":"Statement - EncashmentNo \u003d SplitEncashNo[length - 2]","description":"","startTime":1528106526237,"endTime":1528106526238,"childRecords":[],"interuppted":false},{"index":42,"isIgnoredIfFailed":false,"type":"TEST_STEP","name":"Statement - println(\"---------------\" + EncashmentNo + \"-------------------\")","description":"","startTime":1528106526239,"endTime":1528106526239,"childRecords":[],"interuppted":false},{"attachment":"C:\\\\Users\\\\cbrown\\\\Katalon Studio\\\\Encashments\\\\Reports\\\\LoadEncashment\\\\20180604_120145\\\\1528106526240.png","index":43,"isIgnoredIfFailed":false,"type":"TEST_STEP","name":"takeScreenshot","message":"Taking screenshot successfully","description":"","startTime":1528106526240,"endTime":1528106526498,"childRecords":[{"testStatus":{"stackTrace":"","statusValue":"PASSED"},"attachment":"C:\\\\Users\\\\cbrown\\\\Katalon Studio\\\\Encashments\\\\Reports\\\\LoadEncashment\\\\20180604_120145\\\\1528106526240.png","type":"MESSAGE","name":"","message":"Taking screenshot successfully","startTime":1528106526497,"endTime":0,"childRecords":[],"interuppted":false}],"interuppted":false},{"index":44,"isIgnoredIfFailed":false,"type":"TEST_STEP","name":"waitForPageLoad","message":"Wait for page load successfully","description":"","startTime":1528106526498,"endTime":1528106526593,"childRecords":[{"testStatus":{"stackTrace":"","statusValue":"PASSED"},"type":"MESSAGE","name":"","message":"Wait for page load successfully","startTime":1528106526590,"endTime":0,"childRecords":[],"interuppted":false}],"interuppted":false},{"testStatus":{"stackTrace":"","statusValue":"PASSED"},"type":"MESSAGE","name":"","message":"Test Cases/LoadNewEncashment","startTime":1528106526593,"endTime":0,"childRecords":[],"interuppted":false}],"interuppted":false},{"isOptional":false,"type":"TEST_CASE","name":"Test Cases/UploadDocuments","id":"Test Cases/UploadDocuments","source":"C:\\\\Users\\\\cbrown\\\\Katalon Studio\\\\Encashments\\\\Test Cases\\\\UploadDocuments.tc","message":"Test Cases/UploadDocuments FAILED because (of) groovy.lang.MissingMethodException: No signature of method: static com.kms.katalon.core.webui.keyword.WebUiBuiltInKeywords.waitForElementVisible() is applicable for argument types: (com.kms.katalon.core.testobject.TestObject) values: [TestObject - \u0027Object Repository/Page_Clientle Unity/Page_EncashmentsRequiredDocs_OR/a_Required Documents\u0027]\nPossible solutions: waitForElementVisible(com.kms.katalon.core.testobject.TestObject, int), waitForElementVisible(com.kms.katalon.core.testobject.TestObject, int, com.kms.katalon.core.model.FailureHandling), waitForElementNotVisible(com.kms.katalon.core.testobject.TestObject, int), waitForElementNotVisible(com.kms.katalon.core.testobject.TestObject, int, com.kms.katalon.core.model.FailureHandling)","description":"","startTime":1528106526598,"endTime":1528106527182,"childRecords":[{"testStatus":{"stackTrace":"","statusValue":"INFO"},"type":"MESSAGE","name":"","message":"Evaluating variables for test case","startTime":1528106526628,"endTime":0,"childRecords":[],"interuppted":false},{"index":1,"isIgnoredIfFailed":false,"type":"TEST_STEP","name":"waitForElementVisible","message":"Finding Test Object with id \u0027Object Repository/Page_Clientle Unity/Page_EncashmentsRequiredDocs_OR/a_Required Documents\u0027","description":"","startTime":1528106526945,"endTime":1528106526957,"childRecords":[],"interuppted":false},{"testStatus":{"stackTrace":"","statusValue":"ERROR"},"type":"MESSAGE","name":"","message":"Test Cases/UploadDocuments FAILED because (of) groovy.lang.MissingMethodException: No signature of method: static com.kms.katalon.core.webui.keyword.WebUiBuiltInKeywords.waitForElementVisible() is applicable for argument types: (com.kms.katalon.core.testobject.TestObject) values: [TestObject - \u0027Object Repository/Page_Clientle Unity/Page_EncashmentsRequiredDocs_OR/a_Required Documents\u0027]\nPossible solutions: waitForElementVisible(com.kms.katalon.core.testobject.TestObject, int), waitForElementVisible(com.kms.katalon.core.testobject.TestObject, int, com.kms.katalon.core.model.FailureHandling), waitForElementNotVisible(com.kms.katalon.core.testobject.TestObject, int), waitForElementNotVisible(com.kms.katalon.core.testobject.TestObject, int, com.kms.katalon.core.model.FailureHandling)","startTime":1528106527110,"endTime":0,"childRecords":[],"interuppted":false}],"interuppted":false}],"interuppted":false}