Suite/Test/Step Name,Browser,Description,Start time,End time,Duration,Status
LoadEncashment,Chrome 66.0.3359.181,,2018-06-04 11:46:18,2018-06-04 11:46:40,22.897s,FAILED
,,,,,,
Test Cases/EncashmentLogins/LoginCBrown,Chrome 66.0.3359.181,,2018-06-04 11:46:18,2018-06-04 11:46:26,7.765s,FAILED
openBrowser,Chrome 66.0.3359.181,,2018-06-04 11:46:18,2018-06-04 11:46:22,3.630s,PASSED
navigateToUrl,Chrome 66.0.3359.181,,2018-06-04 11:46:22,2018-06-04 11:46:23,1.342s,PASSED
setText,Chrome 66.0.3359.181,,2018-06-04 11:46:23,2018-06-04 11:46:26,2.341s,FAILED
,,,,,,
Test Cases/LoadNewEncashment,Chrome 66.0.3359.181,,2018-06-04 11:46:26,2018-06-04 11:46:39,13.631s,FAILED
Statement - row = 9,Chrome 66.0.3359.181,,2018-06-04 11:46:26,2018-06-04 11:46:26,0.001s,PASSED
navigateToUrl,Chrome 66.0.3359.181,,2018-06-04 11:46:26,2018-06-04 11:46:26,0.076s,PASSED
Statement - button_CloseDrawer = com.kms.katalon.core.testobject.ObjectRepository.findTestObject(Object Repository/Page_Clientle Unity/button__CloseMenuDrawer),Chrome 66.0.3359.181,,2018-06-04 11:46:26,2018-06-04 11:46:26,0.007s,PASSED
click,Chrome 66.0.3359.181,,2018-06-04 11:46:26,2018-06-04 11:46:27,0.359s,PASSED
verifyElementPresent,Chrome 66.0.3359.181,,2018-06-04 11:46:27,2018-06-04 11:46:39,12.788s,FAILED
,,,,,,
Test Cases/UploadDocuments,Chrome 66.0.3359.181,,2018-06-04 11:46:39,2018-06-04 11:46:40,0.448s,ERROR
waitForElementVisible,Chrome 66.0.3359.181,,2018-06-04 11:46:40,2018-06-04 11:46:40,0.010s,PASSED
