Suite/Test/Step Name,Browser,Description,Start time,End time,Duration,Status
LoadEncashment,Chrome 66.0.3359.181,,2018-06-04 11:50:54,2018-06-04 11:51:24,29.265s,FAILED
,,,,,,
Test Cases/EncashmentLogins/LoginCBrown,Chrome 66.0.3359.181,,2018-06-04 11:50:55,2018-06-04 11:51:02,7.752s,PASSED
openBrowser,Chrome 66.0.3359.181,,2018-06-04 11:50:55,2018-06-04 11:50:59,3.795s,PASSED
navigateToUrl,Chrome 66.0.3359.181,,2018-06-04 11:50:59,2018-06-04 11:51:00,0.857s,PASSED
setText,Chrome 66.0.3359.181,,2018-06-04 11:51:00,2018-06-04 11:51:02,2.251s,PASSED
setText,Chrome 66.0.3359.181,,2018-06-04 11:51:02,2018-06-04 11:51:02,0.258s,PASSED
click,Chrome 66.0.3359.181,,2018-06-04 11:51:02,2018-06-04 11:51:02,0.127s,PASSED
,,,,,,
Test Cases/LoadNewEncashment,Chrome 66.0.3359.181,,2018-06-04 11:51:02,2018-06-04 11:51:22,19.897s,FAILED
Statement - row = 9,Chrome 66.0.3359.181,,2018-06-04 11:51:03,2018-06-04 11:51:03,0.001s,PASSED
navigateToUrl,Chrome 66.0.3359.181,,2018-06-04 11:51:03,2018-06-04 11:51:03,0.089s,PASSED
Statement - button_CloseDrawer = com.kms.katalon.core.testobject.ObjectRepository.findTestObject(Object Repository/Page_Clientle Unity/button__CloseMenuDrawer),Chrome 66.0.3359.181,,2018-06-04 11:51:03,2018-06-04 11:51:03,0.012s,PASSED
click,Chrome 66.0.3359.181,,2018-06-04 11:51:03,2018-06-04 11:51:03,0.181s,PASSED
verifyElementPresent,Chrome 66.0.3359.181,,2018-06-04 11:51:03,2018-06-04 11:51:03,0.122s,PASSED
click,Chrome 66.0.3359.181,,2018-06-04 11:51:03,2018-06-04 11:51:04,0.291s,PASSED
setText,Chrome 66.0.3359.181,,2018-06-04 11:51:04,2018-06-04 11:51:05,1.495s,PASSED
click,Chrome 66.0.3359.181,,2018-06-04 11:51:05,2018-06-04 11:51:05,0.111s,PASSED
click,Chrome 66.0.3359.181,,2018-06-04 11:51:05,2018-06-04 11:51:06,0.647s,PASSED
takeScreenshot,Chrome 66.0.3359.181,,2018-06-04 11:51:06,2018-06-04 11:51:06,0.425s,PASSED
waitForElementVisible,Chrome 66.0.3359.181,,2018-06-04 11:51:06,2018-06-04 11:51:06,0.138s,PASSED
click,Chrome 66.0.3359.181,,2018-06-04 11:51:06,2018-06-04 11:51:06,0.113s,PASSED
takeScreenshot,Chrome 66.0.3359.181,,2018-06-04 11:51:06,2018-06-04 11:51:07,0.398s,PASSED
waitForElementVisible,Chrome 66.0.3359.181,,2018-06-04 11:51:07,2018-06-04 11:51:22,15.082s,PASSED
click,Chrome 66.0.3359.181,,2018-06-04 11:51:22,2018-06-04 11:51:22,0.362s,FAILED
,,,,,,
Test Cases/UploadDocuments,Chrome 66.0.3359.181,,2018-06-04 11:51:22,2018-06-04 11:51:23,0.442s,ERROR
waitForElementVisible,Chrome 66.0.3359.181,,2018-06-04 11:51:22,2018-06-04 11:51:23,0.022s,PASSED
