Suite/Test/Step Name,Browser,Description,Start time,End time,Duration,Status
LoadEncashment,Chrome 66.0.3359.181,,2018-06-04 11:42:30,2018-06-04 11:42:40,9.207s,FAILED
,,,,,,
Test Cases/EncashmentLogins/LoginCBrown,Chrome 66.0.3359.181,,2018-06-04 11:42:31,2018-06-04 11:42:38,6.787s,FAILED
openBrowser,Chrome 66.0.3359.181,,2018-06-04 11:42:31,2018-06-04 11:42:35,3.634s,PASSED
navigateToUrl,Chrome 66.0.3359.181,,2018-06-04 11:42:35,2018-06-04 11:42:36,0.673s,PASSED
setText,Chrome 66.0.3359.181,,2018-06-04 11:42:36,2018-06-04 11:42:38,2.054s,FAILED
,,,,,,
Test Cases/LoadNewEncashment,Chrome 66.0.3359.181,,2018-06-04 11:42:38,2018-06-04 11:42:38,0.802s,FAILED
Statement - row = 9,Chrome 66.0.3359.181,,2018-06-04 11:42:38,2018-06-04 11:42:38,0.002s,PASSED
navigateToUrl,Chrome 66.0.3359.181,,2018-06-04 11:42:38,2018-06-04 11:42:38,0.057s,PASSED
Statement - button_CloseDrawer = com.kms.katalon.core.testobject.ObjectRepository.findTestObject(Object Repository/Page_Clientle Unity/button__CloseMenuDrawer),Chrome 66.0.3359.181,,2018-06-04 11:42:38,2018-06-04 11:42:38,0.007s,PASSED
"Statement - If (com.kms.katalon.core.webui.keyword.WebUiBuiltInKeywords.verifyElementPresent(com.kms.katalon.core.testobject.ObjectRepository.findTestObject(Object Repository/Page_Clientle Unity/button__CloseMenuDrawer), TimeOut))",Chrome 66.0.3359.181,,2018-06-04 11:42:38,2018-06-04 11:42:38,0.397s,PASSED
,,,,,,
Test Cases/UploadDocuments,Chrome 66.0.3359.181,,2018-06-04 11:42:39,2018-06-04 11:42:39,0.413s,ERROR
waitForElementVisible,Chrome 66.0.3359.181,,2018-06-04 11:42:39,2018-06-04 11:42:39,0.011s,PASSED
