Suite/Test/Step Name,Browser,Description,Start time,End time,Duration,Status
LoadEncashment,Chrome 66.0.3359.181,,2018-06-04 11:03:13,2018-06-04 11:03:47,34.814s,FAILED
,,,,,,
Test Cases/EncashmentLogins/LoginCBrown,Chrome 66.0.3359.181,,2018-06-04 11:03:13,2018-06-04 11:03:29,16.253s,PASSED
openBrowser,Chrome 66.0.3359.181,,2018-06-04 11:03:14,2018-06-04 11:03:18,3.962s,PASSED
navigateToUrl,Chrome 66.0.3359.181,,2018-06-04 11:03:18,2018-06-04 11:03:20,2.599s,PASSED
Statement - myTestObject = new com.kms.katalon.core.testobject.TestObject(HelloWorld),Chrome 66.0.3359.181,,2018-06-04 11:03:20,2018-06-04 11:03:20,0.004s,PASSED
Statement - properties = new java.util.ArrayList(),Chrome 66.0.3359.181,,2018-06-04 11:03:20,2018-06-04 11:03:20,0.001s,PASSED
"Statement - properties.add(new com.kms.katalon.core.testobject.TestObjectProperty(ng-model, com.kms.katalon.core.testobject.ConditionType.EQUALS, username))",Chrome 66.0.3359.181,,2018-06-04 11:03:20,2018-06-04 11:03:20,0.005s,PASSED
"Statement - properties.add(new com.kms.katalon.core.testobject.TestObjectProperty(tag, com.kms.katalon.core.testobject.ConditionType.EQUALS, input))",Chrome 66.0.3359.181,,2018-06-04 11:03:20,2018-06-04 11:03:20,0.001s,PASSED
Statement - myTestObject.setProperties(properties),Chrome 66.0.3359.181,,2018-06-04 11:03:20,2018-06-04 11:03:20,0.003s,PASSED
setText,Chrome 66.0.3359.181,,2018-06-04 11:03:20,2018-06-04 11:03:29,8.640s,PASSED
Statement - activeProperties = myTestObject.getProperties(),Chrome 66.0.3359.181,,2018-06-04 11:03:29,2018-06-04 11:03:29,0.002s,PASSED
Statement - For (def prop : activeProperties),Chrome 66.0.3359.181,,2018-06-04 11:03:29,2018-06-04 11:03:29,0.006s,PASSED
setText,Chrome 66.0.3359.181,,2018-06-04 11:03:29,2018-06-04 11:03:29,0.157s,PASSED
setText,Chrome 66.0.3359.181,,2018-06-04 11:03:29,2018-06-04 11:03:29,0.249s,PASSED
click,Chrome 66.0.3359.181,,2018-06-04 11:03:29,2018-06-04 11:03:29,0.134s,PASSED
,,,,,,
Test Cases/LoadNewEncashment,Chrome 66.0.3359.181,,2018-06-04 11:03:29,2018-06-04 11:03:46,16.673s,FAILED
Statement - row = 7,Chrome 66.0.3359.181,,2018-06-04 11:03:30,2018-06-04 11:03:30,0.002s,PASSED
navigateToUrl,Chrome 66.0.3359.181,,2018-06-04 11:03:30,2018-06-04 11:03:30,0.039s,PASSED
verifyElementPresent,Chrome 66.0.3359.181,,2018-06-04 11:03:30,2018-06-04 11:03:46,16.231s,FAILED
,,,,,,
Test Cases/UploadDocuments,Chrome 66.0.3359.181,,2018-06-04 11:03:46,2018-06-04 11:03:46,0.391s,ERROR
waitForElementVisible,Chrome 66.0.3359.181,,2018-06-04 11:03:46,2018-06-04 11:03:46,0.045s,PASSED
