Suite/Test/Step Name,Browser,Description,Start time,End time,Duration,Status
LoadEncashment,Chrome 66.0.3359.181,,2018-06-04 11:16:06,2018-06-04 11:16:16,10.533s,FAILED
,,,,,,
Test Cases/EncashmentLogins/LoginCBrown,Chrome 66.0.3359.181,,2018-06-04 11:16:06,2018-06-04 11:16:14,7.657s,PASSED
openBrowser,Chrome 66.0.3359.181,,2018-06-04 11:16:06,2018-06-04 11:16:10,3.597s,PASSED
navigateToUrl,Chrome 66.0.3359.181,,2018-06-04 11:16:10,2018-06-04 11:16:11,1.078s,PASSED
Statement - myTestObject = new com.kms.katalon.core.testobject.TestObject(HelloWorld),Chrome 66.0.3359.181,,2018-06-04 11:16:11,2018-06-04 11:16:11,0.010s,PASSED
Statement - properties = new java.util.ArrayList(),Chrome 66.0.3359.181,,2018-06-04 11:16:11,2018-06-04 11:16:11,0.001s,PASSED
"Statement - properties.add(new com.kms.katalon.core.testobject.TestObjectProperty(ng-model, com.kms.katalon.core.testobject.ConditionType.EQUALS, username))",Chrome 66.0.3359.181,,2018-06-04 11:16:11,2018-06-04 11:16:11,0.019s,PASSED
"Statement - properties.add(new com.kms.katalon.core.testobject.TestObjectProperty(tag, com.kms.katalon.core.testobject.ConditionType.EQUALS, input))",Chrome 66.0.3359.181,,2018-06-04 11:16:11,2018-06-04 11:16:11,0.004s,PASSED
Statement - myTestObject.setProperties(properties),Chrome 66.0.3359.181,,2018-06-04 11:16:11,2018-06-04 11:16:11,0.004s,PASSED
setText,Chrome 66.0.3359.181,,2018-06-04 11:16:11,2018-06-04 11:16:13,1.978s,PASSED
Statement - activeProperties = myTestObject.getProperties(),Chrome 66.0.3359.181,,2018-06-04 11:16:13,2018-06-04 11:16:13,0.003s,PASSED
Statement - For (def prop : activeProperties),Chrome 66.0.3359.181,,2018-06-04 11:16:13,2018-06-04 11:16:13,0.004s,PASSED
setText,Chrome 66.0.3359.181,,2018-06-04 11:16:13,2018-06-04 11:16:13,0.142s,PASSED
setText,Chrome 66.0.3359.181,,2018-06-04 11:16:13,2018-06-04 11:16:14,0.264s,PASSED
click,Chrome 66.0.3359.181,,2018-06-04 11:16:14,2018-06-04 11:16:14,0.116s,PASSED
,,,,,,
Test Cases/LoadNewEncashment,Chrome 66.0.3359.181,,2018-06-04 11:16:14,2018-06-04 11:16:15,1.053s,FAILED
Statement - row = 8,Chrome 66.0.3359.181,,2018-06-04 11:16:14,2018-06-04 11:16:14,0.002s,PASSED
navigateToUrl,Chrome 66.0.3359.181,,2018-06-04 11:16:14,2018-06-04 11:16:14,0.164s,PASSED
verifyElementPresent,Chrome 66.0.3359.181,,2018-06-04 11:16:14,2018-06-04 11:16:14,0.060s,PASSED
click,Chrome 66.0.3359.181,,2018-06-04 11:16:14,2018-06-04 11:16:15,0.440s,FAILED
,,,,,,
Test Cases/UploadDocuments,Chrome 66.0.3359.181,,2018-06-04 11:16:15,2018-06-04 11:16:15,0.481s,ERROR
waitForElementVisible,Chrome 66.0.3359.181,,2018-06-04 11:16:15,2018-06-04 11:16:15,0.023s,PASSED
