Suite/Test/Step Name,Browser,Description,Start time,End time,Duration,Status
LoadEncashment,Chrome 66.0.3359.181,,2018-06-04 11:50:39,2018-06-04 11:50:51,11.645s,FAILED
,,,,,,
Test Cases/EncashmentLogins/LoginCBrown,Chrome 66.0.3359.181,,2018-06-04 11:50:39,2018-06-04 11:50:48,8.719s,PASSED
openBrowser,Chrome 66.0.3359.181,,2018-06-04 11:50:40,2018-06-04 11:50:44,3.834s,PASSED
navigateToUrl,Chrome 66.0.3359.181,,2018-06-04 11:50:44,2018-06-04 11:50:45,1.188s,PASSED
setText,Chrome 66.0.3359.181,,2018-06-04 11:50:45,2018-06-04 11:50:48,2.862s,PASSED
setText,Chrome 66.0.3359.181,,2018-06-04 11:50:48,2018-06-04 11:50:48,0.248s,PASSED
click,Chrome 66.0.3359.181,,2018-06-04 11:50:48,2018-06-04 11:50:48,0.123s,PASSED
,,,,,,
Test Cases/LoadNewEncashment,Chrome 66.0.3359.181,,2018-06-04 11:50:48,2018-06-04 11:50:49,1.195s,FAILED
Statement - row = 9,Chrome 66.0.3359.181,,2018-06-04 11:50:49,2018-06-04 11:50:49,0.002s,PASSED
navigateToUrl,Chrome 66.0.3359.181,,2018-06-04 11:50:49,2018-06-04 11:50:49,0.128s,PASSED
Statement - button_CloseDrawer = com.kms.katalon.core.testobject.ObjectRepository.findTestObject(Object Repository/Page_Clientle Unity/button__CloseMenuDrawer),Chrome 66.0.3359.181,,2018-06-04 11:50:49,2018-06-04 11:50:49,0.010s,PASSED
click,Chrome 66.0.3359.181,,2018-06-04 11:50:49,2018-06-04 11:50:49,0.145s,PASSED
verifyElementPresent,Chrome 66.0.3359.181,,2018-06-04 11:50:49,2018-06-04 11:50:49,0.060s,PASSED
click,Chrome 66.0.3359.181,,2018-06-04 11:50:49,2018-06-04 11:50:49,0.428s,FAILED
,,,,,,
Test Cases/UploadDocuments,Chrome 66.0.3359.181,,2018-06-04 11:50:49,2018-06-04 11:50:50,0.411s,ERROR
waitForElementVisible,Chrome 66.0.3359.181,,2018-06-04 11:50:50,2018-06-04 11:50:50,0.009s,PASSED
