{"devicePlatform":"","logFolder":"C:\\Users\\cbrown\\Katalon Studio\\Encashments\\Reports\\LoadEncashment\\20180604_115037","runData":{"hostName":"CBrown - Bss-L-Cbrown.clientele.local","os":"Windows 7 64bit","katalonVersion":"5.4.2.1","browser":"Chrome 66.0.3359.181","hostAddress":"10.32.88.37","sessionId":"e7ab94cdf44048af758e392fba210f72","seleniumVersion":"3.7.1","proxyInformation":"ProxyInformation{proxyOption\u003dNO_PROXY, proxyServerType\u003dHTTP, password\u003d, proxyServerAddress\u003d, proxyServerPort\u003d0}","platform":"Windows 7"},"type":"TEST_SUITE","name":"LoadEncashment","id":"Test Suites/LoadEncashment","source":"","message":"Test Cases/LoadNewEncashment FAILED because (of) Unable to click on object \u0027Object Repository/Page_Clientle Unity/label_Search\u0027 (Root cause: org.openqa.selenium.WebDriverException: unknown error: Element \u003clabel for\u003d\"stdPolicy...SearchText\" class\u003d\"col-md-5 control-label\"\u003eSearch\u003c/label\u003e is not clickable at point (147, 326). Other element would receive the click: \u003cdiv class\u003d\"btn-link btn-default ng-binding\" ng-click\u003d\"ChangeUrl(application);\"\u003e...\u003c/div\u003e\n  (Session info: chrome\u003d66.0.3359.181)\n  (Driver info: chromedriver\u003d2.35.528161 (5b82f2d2aae0ca24b877009200ced9065a772e73),platform\u003dWindows NT 6.1.7601 SP1 x86_64) (WARNING: The server did not provide any stacktrace information)\nCommand duration or timeout: 0 milliseconds\nBuild info: version: \u00273.7.1\u0027, revision: \u00278a0099a\u0027, time: \u00272017-11-06T21:07:36.161Z\u0027\nSystem info: host: \u0027BSS-L-CBROWN\u0027, ip: \u002710.32.88.37\u0027, os.name: \u0027Windows 7\u0027, os.arch: \u0027amd64\u0027, os.version: \u00276.1\u0027, java.version: \u00271.8.0_102\u0027\nDriver info: com.kms.katalon.selenium.driver.CChromeDriver\nCapabilities {acceptInsecureCerts: false, acceptSslCerts: false, applicationCacheEnabled: false, browserConnectionEnabled: false, browserName: chrome, chrome: {chromedriverVersion: 2.35.528161 (5b82f2d2aae0ca..., userDataDir: C:\\Users\\cbrown\\AppData\\Loc...}, cssSelectorsEnabled: true, databaseEnabled: false, handlesAlerts: true, hasTouchScreen: false, javascriptEnabled: true, locationContextEnabled: true, mobileEmulationEnabled: false, nativeEvents: true, networkConnectionEnabled: false, pageLoadStrategy: normal, platform: XP, platformName: XP, rotatable: false, setWindowRect: true, takesHeapSnapshot: true, takesScreenshot: true, unexpectedAlertBehaviour: , unhandledPromptBehavior: , version: 66.0.3359.181, webStorageEnabled: true}\nSession ID: e7ab94cdf44048af758e392fba210f72)","description":"","startTime":1528105839544,"endTime":1528105851189,"childRecords":[{"isOptional":false,"type":"TEST_CASE","name":"Test Cases/EncashmentLogins/LoginCBrown","id":"Test Cases/EncashmentLogins/LoginCBrown","source":"C:\\\\Users\\\\cbrown\\\\Katalon Studio\\\\Encashments\\\\Test Cases\\\\EncashmentLogins\\\\LoginCBrown.tc","message":"Test Cases/EncashmentLogins/LoginCBrown","description":"","startTime":1528105839991,"endTime":1528105848710,"childRecords":[{"testStatus":{"stackTrace":"","statusValue":"INFO"},"type":"MESSAGE","name":"","message":"Evaluating variables for test case","startTime":1528105840029,"endTime":0,"childRecords":[],"interuppted":false},{"index":1,"isIgnoredIfFailed":false,"type":"TEST_STEP","name":"openBrowser","message":"Browser is opened with url: \u0027\u0027","description":"","startTime":1528105840444,"endTime":1528105844278,"childRecords":[{"testStatus":{"stackTrace":"","statusValue":"PASSED"},"type":"MESSAGE","name":"","message":"Browser is opened with url: \u0027\u0027","startTime":1528105844277,"endTime":0,"childRecords":[],"interuppted":false}],"interuppted":false},{"index":2,"isIgnoredIfFailed":false,"type":"TEST_STEP","name":"navigateToUrl","message":"Navigate to \u0027http://unitytest.clientele.local/#/\u0027 successfully","description":"","startTime":1528105844283,"endTime":1528105845471,"childRecords":[{"testStatus":{"stackTrace":"","statusValue":"PASSED"},"type":"MESSAGE","name":"","message":"Navigate to \u0027http://unitytest.clientele.local/#/\u0027 successfully","startTime":1528105845470,"endTime":0,"childRecords":[],"interuppted":false}],"interuppted":false},{"index":3,"isIgnoredIfFailed":false,"type":"TEST_STEP","name":"setText","message":"Text \u0027Cbrown\u0027 is set on object \u0027Object Repository/page_UnityLogin_OR/input_username\u0027","description":"","startTime":1528105845472,"endTime":1528105848334,"childRecords":[{"testStatus":{"stackTrace":"","statusValue":"PASSED"},"type":"MESSAGE","name":"","message":"Text \u0027Cbrown\u0027 is set on object \u0027Object Repository/page_UnityLogin_OR/input_username\u0027","startTime":1528105848334,"endTime":0,"childRecords":[],"interuppted":false}],"interuppted":false},{"index":4,"isIgnoredIfFailed":false,"type":"TEST_STEP","name":"setText","message":"Text \u0027MyMayPwrd!2018\u0027 is set on object \u0027Object Repository/page_UnityLogin_OR/input_password\u0027","description":"","startTime":1528105848337,"endTime":1528105848585,"childRecords":[{"testStatus":{"stackTrace":"","statusValue":"PASSED"},"type":"MESSAGE","name":"","message":"Text \u0027MyMayPwrd!2018\u0027 is set on object \u0027Object Repository/page_UnityLogin_OR/input_password\u0027","startTime":1528105848584,"endTime":0,"childRecords":[],"interuppted":false}],"interuppted":false},{"index":5,"isIgnoredIfFailed":false,"type":"TEST_STEP","name":"click","message":"Object: \u0027Object Repository/page_UnityLogin_OR/button_Log in\u0027 is clicked on","description":"","startTime":1528105848586,"endTime":1528105848709,"childRecords":[{"testStatus":{"stackTrace":"","statusValue":"PASSED"},"type":"MESSAGE","name":"","message":"Object: \u0027Object Repository/page_UnityLogin_OR/button_Log in\u0027 is clicked on","startTime":1528105848708,"endTime":0,"childRecords":[],"interuppted":false}],"interuppted":false},{"testStatus":{"stackTrace":"","statusValue":"PASSED"},"type":"MESSAGE","name":"","message":"Test Cases/EncashmentLogins/LoginCBrown","startTime":1528105848710,"endTime":0,"childRecords":[],"interuppted":false}],"interuppted":false},{"isOptional":false,"type":"TEST_CASE","name":"Test Cases/LoadNewEncashment","id":"Test Cases/LoadNewEncashment","source":"C:\\\\Users\\\\cbrown\\\\Katalon Studio\\\\Encashments\\\\Test Cases\\\\LoadNewEncashment.tc","message":"Test Cases/LoadNewEncashment FAILED because (of) Unable to click on object \u0027Object Repository/Page_Clientle Unity/label_Search\u0027 (Root cause: org.openqa.selenium.WebDriverException: unknown error: Element \u003clabel for\u003d\"stdPolicy...SearchText\" class\u003d\"col-md-5 control-label\"\u003eSearch\u003c/label\u003e is not clickable at point (147, 326). Other element would receive the click: \u003cdiv class\u003d\"btn-link btn-default ng-binding\" ng-click\u003d\"ChangeUrl(application);\"\u003e...\u003c/div\u003e\n  (Session info: chrome\u003d66.0.3359.181)\n  (Driver info: chromedriver\u003d2.35.528161 (5b82f2d2aae0ca24b877009200ced9065a772e73),platform\u003dWindows NT 6.1.7601 SP1 x86_64) (WARNING: The server did not provide any stacktrace information)\nCommand duration or timeout: 0 milliseconds\nBuild info: version: \u00273.7.1\u0027, revision: \u00278a0099a\u0027, time: \u00272017-11-06T21:07:36.161Z\u0027\nSystem info: host: \u0027BSS-L-CBROWN\u0027, ip: \u002710.32.88.37\u0027, os.name: \u0027Windows 7\u0027, os.arch: \u0027amd64\u0027, os.version: \u00276.1\u0027, java.version: \u00271.8.0_102\u0027\nDriver info: com.kms.katalon.selenium.driver.CChromeDriver\nCapabilities {acceptInsecureCerts: false, acceptSslCerts: false, applicationCacheEnabled: false, browserConnectionEnabled: false, browserName: chrome, chrome: {chromedriverVersion: 2.35.528161 (5b82f2d2aae0ca..., userDataDir: C:\\Users\\cbrown\\AppData\\Loc...}, cssSelectorsEnabled: true, databaseEnabled: false, handlesAlerts: true, hasTouchScreen: false, javascriptEnabled: true, locationContextEnabled: true, mobileEmulationEnabled: false, nativeEvents: true, networkConnectionEnabled: false, pageLoadStrategy: normal, platform: XP, platformName: XP, rotatable: false, setWindowRect: true, takesHeapSnapshot: true, takesScreenshot: true, unexpectedAlertBehaviour: , unhandledPromptBehavior: , version: 66.0.3359.181, webStorageEnabled: true}\nSession ID: e7ab94cdf44048af758e392fba210f72)","description":"","startTime":1528105848714,"endTime":1528105849909,"childRecords":[{"testStatus":{"stackTrace":"","statusValue":"INFO"},"type":"MESSAGE","name":"","message":"Evaluating variables for test case","startTime":1528105848754,"endTime":0,"childRecords":[],"interuppted":false},{"index":1,"isIgnoredIfFailed":false,"type":"TEST_STEP","name":"Statement - row \u003d 9","description":"","startTime":1528105849130,"endTime":1528105849132,"childRecords":[],"interuppted":false},{"index":2,"isIgnoredIfFailed":false,"type":"TEST_STEP","name":"navigateToUrl","message":"Navigate to \u0027http://unitytest.clientele.local/#/Encashments/\u0027 successfully","description":"","startTime":1528105849132,"endTime":1528105849260,"childRecords":[{"testStatus":{"stackTrace":"","statusValue":"PASSED"},"type":"MESSAGE","name":"","message":"Navigate to \u0027http://unitytest.clientele.local/#/Encashments/\u0027 successfully","startTime":1528105849259,"endTime":0,"childRecords":[],"interuppted":false}],"interuppted":false},{"index":3,"isIgnoredIfFailed":false,"type":"TEST_STEP","name":"Statement - button_CloseDrawer \u003d com.kms.katalon.core.testobject.ObjectRepository.findTestObject(Object Repository/Page_Clientle Unity/button__CloseMenuDrawer)","message":"Finding Test Object with id \u0027Object Repository/Page_Clientle Unity/button__CloseMenuDrawer\u0027","description":"","startTime":1528105849261,"endTime":1528105849271,"childRecords":[],"interuppted":false},{"index":4,"isIgnoredIfFailed":false,"type":"TEST_STEP","name":"click","message":"Object: \u0027Object Repository/Page_Clientle Unity/button__CloseMenuDrawer\u0027 is clicked on","description":"","startTime":1528105849271,"endTime":1528105849416,"childRecords":[{"testStatus":{"stackTrace":"","statusValue":"PASSED"},"type":"MESSAGE","name":"","message":"Object: \u0027Object Repository/Page_Clientle Unity/button__CloseMenuDrawer\u0027 is clicked on","startTime":1528105849415,"endTime":0,"childRecords":[],"interuppted":false}],"interuppted":false},{"index":5,"isIgnoredIfFailed":false,"type":"TEST_STEP","name":"verifyElementPresent","message":"Object \u0027Object Repository/Page_Clientle Unity/h1_Clientle Encashments Search\u0027 is present","description":"","startTime":1528105849416,"endTime":1528105849476,"childRecords":[{"testStatus":{"stackTrace":"","statusValue":"PASSED"},"type":"MESSAGE","name":"","message":"Object \u0027Object Repository/Page_Clientle Unity/h1_Clientle Encashments Search\u0027 is present","startTime":1528105849475,"endTime":0,"childRecords":[],"interuppted":false}],"interuppted":false},{"attachment":"1528105849615.png","index":6,"isIgnoredIfFailed":false,"type":"TEST_STEP","name":"click","message":"Unable to click on object \u0027Object Repository/Page_Clientle Unity/label_Search\u0027 (Root cause: org.openqa.selenium.WebDriverException: unknown error: Element \u003clabel for\u003d\"stdPolicy...SearchText\" class\u003d\"col-md-5 control-label\"\u003eSearch\u003c/label\u003e is not clickable at point (147, 326). Other element would receive the click: \u003cdiv class\u003d\"btn-link btn-default ng-binding\" ng-click\u003d\"ChangeUrl(application);\"\u003e...\u003c/div\u003e\n  (Session info: chrome\u003d66.0.3359.181)\n  (Driver info: chromedriver\u003d2.35.528161 (5b82f2d2aae0ca24b877009200ced9065a772e73),platform\u003dWindows NT 6.1.7601 SP1 x86_64) (WARNING: The server did not provide any stacktrace information)\nCommand duration or timeout: 0 milliseconds\nBuild info: version: \u00273.7.1\u0027, revision: \u00278a0099a\u0027, time: \u00272017-11-06T21:07:36.161Z\u0027\nSystem info: host: \u0027BSS-L-CBROWN\u0027, ip: \u002710.32.88.37\u0027, os.name: \u0027Windows 7\u0027, os.arch: \u0027amd64\u0027, os.version: \u00276.1\u0027, java.version: \u00271.8.0_102\u0027\nDriver info: com.kms.katalon.selenium.driver.CChromeDriver\nCapabilities {acceptInsecureCerts: false, acceptSslCerts: false, applicationCacheEnabled: false, browserConnectionEnabled: false, browserName: chrome, chrome: {chromedriverVersion: 2.35.528161 (5b82f2d2aae0ca..., userDataDir: C:\\Users\\cbrown\\AppData\\Loc...}, cssSelectorsEnabled: true, databaseEnabled: false, handlesAlerts: true, hasTouchScreen: false, javascriptEnabled: true, locationContextEnabled: true, mobileEmulationEnabled: false, nativeEvents: true, networkConnectionEnabled: false, pageLoadStrategy: normal, platform: XP, platformName: XP, rotatable: false, setWindowRect: true, takesHeapSnapshot: true, takesScreenshot: true, unexpectedAlertBehaviour: , unhandledPromptBehavior: , version: 66.0.3359.181, webStorageEnabled: true}\nSession ID: e7ab94cdf44048af758e392fba210f72)","description":"","startTime":1528105849477,"endTime":1528105849905,"childRecords":[{"testStatus":{"stackTrace":"","statusValue":"FAILED"},"attachment":"1528105849615.png","type":"MESSAGE","name":"","message":"Unable to click on object \u0027Object Repository/Page_Clientle Unity/label_Search\u0027 (Root cause: org.openqa.selenium.WebDriverException: unknown error: Element \u003clabel for\u003d\"stdPolicy...SearchText\" class\u003d\"col-md-5 control-label\"\u003eSearch\u003c/label\u003e is not clickable at point (147, 326). Other element would receive the click: \u003cdiv class\u003d\"btn-link btn-default ng-binding\" ng-click\u003d\"ChangeUrl(application);\"\u003e...\u003c/div\u003e\n  (Session info: chrome\u003d66.0.3359.181)\n  (Driver info: chromedriver\u003d2.35.528161 (5b82f2d2aae0ca24b877009200ced9065a772e73),platform\u003dWindows NT 6.1.7601 SP1 x86_64) (WARNING: The server did not provide any stacktrace information)\nCommand duration or timeout: 0 milliseconds\nBuild info: version: \u00273.7.1\u0027, revision: \u00278a0099a\u0027, time: \u00272017-11-06T21:07:36.161Z\u0027\nSystem info: host: \u0027BSS-L-CBROWN\u0027, ip: \u002710.32.88.37\u0027, os.name: \u0027Windows 7\u0027, os.arch: \u0027amd64\u0027, os.version: \u00276.1\u0027, java.version: \u00271.8.0_102\u0027\nDriver info: com.kms.katalon.selenium.driver.CChromeDriver\nCapabilities {acceptInsecureCerts: false, acceptSslCerts: false, applicationCacheEnabled: false, browserConnectionEnabled: false, browserName: chrome, chrome: {chromedriverVersion: 2.35.528161 (5b82f2d2aae0ca..., userDataDir: C:\\Users\\cbrown\\AppData\\Loc...}, cssSelectorsEnabled: true, databaseEnabled: false, handlesAlerts: true, hasTouchScreen: false, javascriptEnabled: true, locationContextEnabled: true, mobileEmulationEnabled: false, nativeEvents: true, networkConnectionEnabled: false, pageLoadStrategy: normal, platform: XP, platformName: XP, rotatable: false, setWindowRect: true, takesHeapSnapshot: true, takesScreenshot: true, unexpectedAlertBehaviour: , unhandledPromptBehavior: , version: 66.0.3359.181, webStorageEnabled: true}\nSession ID: e7ab94cdf44048af758e392fba210f72)","startTime":1528105849903,"endTime":0,"childRecords":[],"interuppted":false}],"interuppted":false},{"testStatus":{"stackTrace":"","statusValue":"FAILED"},"type":"MESSAGE","name":"","message":"Test Cases/LoadNewEncashment FAILED because (of) Unable to click on object \u0027Object Repository/Page_Clientle Unity/label_Search\u0027 (Root cause: org.openqa.selenium.WebDriverException: unknown error: Element \u003clabel for\u003d\"stdPolicy...SearchText\" class\u003d\"col-md-5 control-label\"\u003eSearch\u003c/label\u003e is not clickable at point (147, 326). Other element would receive the click: \u003cdiv class\u003d\"btn-link btn-default ng-binding\" ng-click\u003d\"ChangeUrl(application);\"\u003e...\u003c/div\u003e\n  (Session info: chrome\u003d66.0.3359.181)\n  (Driver info: chromedriver\u003d2.35.528161 (5b82f2d2aae0ca24b877009200ced9065a772e73),platform\u003dWindows NT 6.1.7601 SP1 x86_64) (WARNING: The server did not provide any stacktrace information)\nCommand duration or timeout: 0 milliseconds\nBuild info: version: \u00273.7.1\u0027, revision: \u00278a0099a\u0027, time: \u00272017-11-06T21:07:36.161Z\u0027\nSystem info: host: \u0027BSS-L-CBROWN\u0027, ip: \u002710.32.88.37\u0027, os.name: \u0027Windows 7\u0027, os.arch: \u0027amd64\u0027, os.version: \u00276.1\u0027, java.version: \u00271.8.0_102\u0027\nDriver info: com.kms.katalon.selenium.driver.CChromeDriver\nCapabilities {acceptInsecureCerts: false, acceptSslCerts: false, applicationCacheEnabled: false, browserConnectionEnabled: false, browserName: chrome, chrome: {chromedriverVersion: 2.35.528161 (5b82f2d2aae0ca..., userDataDir: C:\\Users\\cbrown\\AppData\\Loc...}, cssSelectorsEnabled: true, databaseEnabled: false, handlesAlerts: true, hasTouchScreen: false, javascriptEnabled: true, locationContextEnabled: true, mobileEmulationEnabled: false, nativeEvents: true, networkConnectionEnabled: false, pageLoadStrategy: normal, platform: XP, platformName: XP, rotatable: false, setWindowRect: true, takesHeapSnapshot: true, takesScreenshot: true, unexpectedAlertBehaviour: , unhandledPromptBehavior: , version: 66.0.3359.181, webStorageEnabled: true}\nSession ID: e7ab94cdf44048af758e392fba210f72)","startTime":1528105849906,"endTime":0,"childRecords":[],"interuppted":false}],"interuppted":false},{"isOptional":false,"type":"TEST_CASE","name":"Test Cases/UploadDocuments","id":"Test Cases/UploadDocuments","source":"C:\\\\Users\\\\cbrown\\\\Katalon Studio\\\\Encashments\\\\Test Cases\\\\UploadDocuments.tc","message":"Test Cases/UploadDocuments FAILED because (of) groovy.lang.MissingMethodException: No signature of method: static com.kms.katalon.core.webui.keyword.WebUiBuiltInKeywords.waitForElementVisible() is applicable for argument types: (com.kms.katalon.core.testobject.TestObject) values: [TestObject - \u0027Object Repository/Page_Clientle Unity/Page_EncashmentsRequiredDocs_OR/a_Required Documents\u0027]\nPossible solutions: waitForElementVisible(com.kms.katalon.core.testobject.TestObject, int), waitForElementVisible(com.kms.katalon.core.testobject.TestObject, int, com.kms.katalon.core.model.FailureHandling), waitForElementNotVisible(com.kms.katalon.core.testobject.TestObject, int), waitForElementNotVisible(com.kms.katalon.core.testobject.TestObject, int, com.kms.katalon.core.model.FailureHandling)","description":"","startTime":1528105849912,"endTime":1528105850323,"childRecords":[{"testStatus":{"stackTrace":"","statusValue":"INFO"},"type":"MESSAGE","name":"","message":"Evaluating variables for test case","startTime":1528105849948,"endTime":0,"childRecords":[],"interuppted":false},{"index":1,"isIgnoredIfFailed":false,"type":"TEST_STEP","name":"waitForElementVisible","message":"Finding Test Object with id \u0027Object Repository/Page_Clientle Unity/Page_EncashmentsRequiredDocs_OR/a_Required Documents\u0027","description":"","startTime":1528105850153,"endTime":1528105850162,"childRecords":[],"interuppted":false},{"testStatus":{"stackTrace":"","statusValue":"ERROR"},"type":"MESSAGE","name":"","message":"Test Cases/UploadDocuments FAILED because (of) groovy.lang.MissingMethodException: No signature of method: static com.kms.katalon.core.webui.keyword.WebUiBuiltInKeywords.waitForElementVisible() is applicable for argument types: (com.kms.katalon.core.testobject.TestObject) values: [TestObject - \u0027Object Repository/Page_Clientle Unity/Page_EncashmentsRequiredDocs_OR/a_Required Documents\u0027]\nPossible solutions: waitForElementVisible(com.kms.katalon.core.testobject.TestObject, int), waitForElementVisible(com.kms.katalon.core.testobject.TestObject, int, com.kms.katalon.core.model.FailureHandling), waitForElementNotVisible(com.kms.katalon.core.testobject.TestObject, int), waitForElementNotVisible(com.kms.katalon.core.testobject.TestObject, int, com.kms.katalon.core.model.FailureHandling)","startTime":1528105850261,"endTime":0,"childRecords":[],"interuppted":false}],"interuppted":false}],"interuppted":false}