Suite/Test/Step Name,Browser,Description,Start time,End time,Duration,Status
LoadEncashment,Chrome 66.0.3359.181,,2018-06-04 11:15:38,2018-06-04 11:15:49,11.199s,FAILED
,,,,,,
Test Cases/EncashmentLogins/LoginCBrown,Chrome 66.0.3359.181,,2018-06-04 11:15:38,2018-06-04 11:15:46,8.353s,PASSED
openBrowser,Chrome 66.0.3359.181,,2018-06-04 11:15:38,2018-06-04 11:15:42,3.579s,PASSED
navigateToUrl,Chrome 66.0.3359.181,,2018-06-04 11:15:42,2018-06-04 11:15:43,1.132s,PASSED
Statement - myTestObject = new com.kms.katalon.core.testobject.TestObject(HelloWorld),Chrome 66.0.3359.181,,2018-06-04 11:15:43,2018-06-04 11:15:43,0.010s,PASSED
Statement - properties = new java.util.ArrayList(),Chrome 66.0.3359.181,,2018-06-04 11:15:43,2018-06-04 11:15:43,0.002s,PASSED
"Statement - properties.add(new com.kms.katalon.core.testobject.TestObjectProperty(ng-model, com.kms.katalon.core.testobject.ConditionType.EQUALS, username))",Chrome 66.0.3359.181,,2018-06-04 11:15:43,2018-06-04 11:15:43,0.016s,PASSED
"Statement - properties.add(new com.kms.katalon.core.testobject.TestObjectProperty(tag, com.kms.katalon.core.testobject.ConditionType.EQUALS, input))",Chrome 66.0.3359.181,,2018-06-04 11:15:43,2018-06-04 11:15:43,0.002s,PASSED
Statement - myTestObject.setProperties(properties),Chrome 66.0.3359.181,,2018-06-04 11:15:43,2018-06-04 11:15:43,0.003s,PASSED
setText,Chrome 66.0.3359.181,,2018-06-04 11:15:43,2018-06-04 11:15:46,2.515s,PASSED
Statement - activeProperties = myTestObject.getProperties(),Chrome 66.0.3359.181,,2018-06-04 11:15:46,2018-06-04 11:15:46,0.002s,PASSED
Statement - For (def prop : activeProperties),Chrome 66.0.3359.181,,2018-06-04 11:15:46,2018-06-04 11:15:46,0.006s,PASSED
setText,Chrome 66.0.3359.181,,2018-06-04 11:15:46,2018-06-04 11:15:46,0.145s,PASSED
setText,Chrome 66.0.3359.181,,2018-06-04 11:15:46,2018-06-04 11:15:46,0.265s,PASSED
click,Chrome 66.0.3359.181,,2018-06-04 11:15:46,2018-06-04 11:15:46,0.190s,PASSED
,,,,,,
Test Cases/LoadNewEncashment,Chrome 66.0.3359.181,,2018-06-04 11:15:46,2018-06-04 11:15:47,1.190s,FAILED
Statement - row = 8,Chrome 66.0.3359.181,,2018-06-04 11:15:47,2018-06-04 11:15:47,0.002s,PASSED
navigateToUrl,Chrome 66.0.3359.181,,2018-06-04 11:15:47,2018-06-04 11:15:47,0.154s,PASSED
verifyElementPresent,Chrome 66.0.3359.181,,2018-06-04 11:15:47,2018-06-04 11:15:47,0.069s,PASSED
click,Chrome 66.0.3359.181,,2018-06-04 11:15:47,2018-06-04 11:15:47,0.476s,FAILED
,,,,,,
Test Cases/UploadDocuments,Chrome 66.0.3359.181,,2018-06-04 11:15:47,2018-06-04 11:15:48,0.436s,ERROR
waitForElementVisible,Chrome 66.0.3359.181,,2018-06-04 11:15:48,2018-06-04 11:15:48,0.015s,PASSED
