Suite/Test/Step Name,Browser,Description,Start time,End time,Duration,Status
LoadEncashment,Chrome 66.0.3359.181,,2018-06-04 11:42:16,2018-06-04 11:42:27,11.533s,FAILED
,,,,,,
Test Cases/EncashmentLogins/LoginCBrown,Chrome 66.0.3359.181,,2018-06-04 11:42:16,2018-06-04 11:42:25,8.904s,FAILED
openBrowser,Chrome 66.0.3359.181,,2018-06-04 11:42:16,2018-06-04 11:42:20,4.011s,PASSED
navigateToUrl,Chrome 66.0.3359.181,,2018-06-04 11:42:20,2018-06-04 11:42:22,1.362s,PASSED
setText,Chrome 66.0.3359.181,,2018-06-04 11:42:22,2018-06-04 11:42:25,3.113s,FAILED
,,,,,,
Test Cases/LoadNewEncashment,Chrome 66.0.3359.181,,2018-06-04 11:42:25,2018-06-04 11:42:26,0.917s,FAILED
Statement - row = 9,Chrome 66.0.3359.181,,2018-06-04 11:42:25,2018-06-04 11:42:25,0.001s,PASSED
navigateToUrl,Chrome 66.0.3359.181,,2018-06-04 11:42:25,2018-06-04 11:42:25,0.075s,PASSED
Statement - button_CloseDrawer = com.kms.katalon.core.testobject.ObjectRepository.findTestObject(Object Repository/Page_Clientle Unity/button__CloseMenuDrawer),Chrome 66.0.3359.181,,2018-06-04 11:42:25,2018-06-04 11:42:25,0.010s,PASSED
"Statement - If (com.kms.katalon.core.webui.keyword.WebUiBuiltInKeywords.verifyElementPresent(com.kms.katalon.core.testobject.ObjectRepository.findTestObject(Object Repository/Page_Clientle Unity/button__CloseMenuDrawer), TimeOut))",Chrome 66.0.3359.181,,2018-06-04 11:42:25,2018-06-04 11:42:26,0.441s,PASSED
,,,,,,
Test Cases/UploadDocuments,Chrome 66.0.3359.181,,2018-06-04 11:42:26,2018-06-04 11:42:26,0.419s,ERROR
waitForElementVisible,Chrome 66.0.3359.181,,2018-06-04 11:42:26,2018-06-04 11:42:26,0.009s,PASSED
