Suite/Test/Step Name,Browser,Description,Start time,End time,Duration,Status
LoadEncashment,Chrome 66.0.3359.181,,2018-06-04 11:21:36,2018-06-04 11:21:48,12.290s,ERROR
,,,,,,
Test Cases/EncashmentLogins/LoginCBrown,Chrome 66.0.3359.181,,2018-06-04 11:21:36,2018-06-04 11:21:46,9.438s,PASSED
openBrowser,Chrome 66.0.3359.181,,2018-06-04 11:21:37,2018-06-04 11:21:41,3.680s,PASSED
navigateToUrl,Chrome 66.0.3359.181,,2018-06-04 11:21:41,2018-06-04 11:21:42,1.441s,PASSED
Statement - myTestObject = new com.kms.katalon.core.testobject.TestObject(HelloWorld),Chrome 66.0.3359.181,,2018-06-04 11:21:42,2018-06-04 11:21:42,0.007s,PASSED
Statement - properties = new java.util.ArrayList(),Chrome 66.0.3359.181,,2018-06-04 11:21:42,2018-06-04 11:21:42,0.001s,PASSED
"Statement - properties.add(new com.kms.katalon.core.testobject.TestObjectProperty(ng-model, com.kms.katalon.core.testobject.ConditionType.EQUALS, username))",Chrome 66.0.3359.181,,2018-06-04 11:21:42,2018-06-04 11:21:42,0.007s,PASSED
"Statement - properties.add(new com.kms.katalon.core.testobject.TestObjectProperty(tag, com.kms.katalon.core.testobject.ConditionType.EQUALS, input))",Chrome 66.0.3359.181,,2018-06-04 11:21:42,2018-06-04 11:21:42,0.001s,PASSED
Statement - myTestObject.setProperties(properties),Chrome 66.0.3359.181,,2018-06-04 11:21:42,2018-06-04 11:21:42,0.020s,PASSED
setText,Chrome 66.0.3359.181,,2018-06-04 11:21:42,2018-06-04 11:21:45,3.379s,PASSED
Statement - activeProperties = myTestObject.getProperties(),Chrome 66.0.3359.181,,2018-06-04 11:21:45,2018-06-04 11:21:45,0.001s,PASSED
Statement - For (def prop : activeProperties),Chrome 66.0.3359.181,,2018-06-04 11:21:45,2018-06-04 11:21:45,0.008s,PASSED
setText,Chrome 66.0.3359.181,,2018-06-04 11:21:45,2018-06-04 11:21:46,0.125s,PASSED
setText,Chrome 66.0.3359.181,,2018-06-04 11:21:46,2018-06-04 11:21:46,0.245s,PASSED
click,Chrome 66.0.3359.181,,2018-06-04 11:21:46,2018-06-04 11:21:46,0.138s,PASSED
,,,,,,
Test Cases/LoadNewEncashment,Chrome 66.0.3359.181,,2018-06-04 11:21:46,2018-06-04 11:21:47,0.988s,ERROR
Statement - row = 8,Chrome 66.0.3359.181,,2018-06-04 11:21:46,2018-06-04 11:21:46,0.004s,PASSED
navigateToUrl,Chrome 66.0.3359.181,,2018-06-04 11:21:46,2018-06-04 11:21:47,0.178s,PASSED
Statement - button_CloseDrawer = com.kms.katalon.core.testobject.ObjectRepository.findTestObject(Object Repository/Page_Clientle Unity/button__CloseMenuDrawer),Chrome 66.0.3359.181,,2018-06-04 11:21:47,2018-06-04 11:21:47,0.017s,PASSED
"Statement - If (com.kms.katalon.core.webui.keyword.WebUiBuiltInKeywords.verifyElementPresent(button_CloseDrawer, TimeOut))",Chrome 66.0.3359.181,,2018-06-04 11:21:47,2018-06-04 11:21:47,0.006s,PASSED
,,,,,,
Test Cases/UploadDocuments,Chrome 66.0.3359.181,,2018-06-04 11:21:47,2018-06-04 11:21:48,0.673s,ERROR
waitForElementVisible,Chrome 66.0.3359.181,,2018-06-04 11:21:47,2018-06-04 11:21:47,0.015s,PASSED
