Suite/Test/Step Name,Browser,Description,Start time,End time,Duration,Status
LoadEncashment,Chrome 66.0.3359.181,,2018-06-04 12:02:11,2018-06-04 12:02:21,10.559s,FAILED
,,,,,,
Test Cases/EncashmentLogins/LoginCBrown,Chrome 66.0.3359.181,,2018-06-04 12:02:11,2018-06-04 12:02:19,7.614s,PASSED
openBrowser,Chrome 66.0.3359.181,,2018-06-04 12:02:12,2018-06-04 12:02:15,3.613s,PASSED
navigateToUrl,Chrome 66.0.3359.181,,2018-06-04 12:02:15,2018-06-04 12:02:16,0.605s,PASSED
setText,Chrome 66.0.3359.181,,2018-06-04 12:02:16,2018-06-04 12:02:19,2.564s,PASSED
setText,Chrome 66.0.3359.181,,2018-06-04 12:02:19,2018-06-04 12:02:19,0.280s,PASSED
click,Chrome 66.0.3359.181,,2018-06-04 12:02:19,2018-06-04 12:02:19,0.147s,PASSED
,,,,,,
Test Cases/LoadNewEncashment,Chrome 66.0.3359.181,,2018-06-04 12:02:19,2018-06-04 12:02:20,1.256s,FAILED
navigateToUrl,Chrome 66.0.3359.181,,2018-06-04 12:02:19,2018-06-04 12:02:19,0.128s,PASSED
waitForPageLoad,Chrome 66.0.3359.181,,2018-06-04 12:02:19,2018-06-04 12:02:20,0.078s,PASSED
Statement - button_CloseDrawer = com.kms.katalon.core.testobject.ObjectRepository.findTestObject(Page_Clientle Unity/button__CloseMenuDrawer),Chrome 66.0.3359.181,,2018-06-04 12:02:20,2018-06-04 12:02:20,0.010s,PASSED
click,Chrome 66.0.3359.181,,2018-06-04 12:02:20,2018-06-04 12:02:20,0.139s,PASSED
verifyElementPresent,Chrome 66.0.3359.181,,2018-06-04 12:02:20,2018-06-04 12:02:20,0.048s,PASSED
click,Chrome 66.0.3359.181,,2018-06-04 12:02:20,2018-06-04 12:02:20,0.479s,FAILED
,,,,,,
Test Cases/UploadDocuments,Chrome 66.0.3359.181,,2018-06-04 12:02:20,2018-06-04 12:02:21,0.407s,ERROR
waitForElementVisible,Chrome 66.0.3359.181,,2018-06-04 12:02:20,2018-06-04 12:02:21,0.048s,PASSED
