Suite/Test/Step Name,Browser,Description,Start time,End time,Duration,Status
LoadEncashment,Chrome 66.0.3359.181,,2018-06-04 11:45:49,2018-06-04 11:46:15,25.713s,FAILED
,,,,,,
Test Cases/EncashmentLogins/LoginCBrown,Chrome 66.0.3359.181,,2018-06-04 11:45:50,2018-06-04 11:45:57,7.005s,FAILED
openBrowser,Chrome 66.0.3359.181,,2018-06-04 11:45:50,2018-06-04 11:45:54,3.519s,PASSED
navigateToUrl,Chrome 66.0.3359.181,,2018-06-04 11:45:54,2018-06-04 11:45:55,1.009s,PASSED
setText,Chrome 66.0.3359.181,,2018-06-04 11:45:55,2018-06-04 11:45:57,2.047s,FAILED
,,,,,,
Test Cases/LoadNewEncashment,Chrome 66.0.3359.181,,2018-06-04 11:45:57,2018-06-04 11:46:14,17.068s,FAILED
Statement - row = 9,Chrome 66.0.3359.181,,2018-06-04 11:45:57,2018-06-04 11:45:57,0.002s,PASSED
navigateToUrl,Chrome 66.0.3359.181,,2018-06-04 11:45:57,2018-06-04 11:45:57,0.065s,PASSED
Statement - button_CloseDrawer = com.kms.katalon.core.testobject.ObjectRepository.findTestObject(Object Repository/Page_Clientle Unity/button__CloseMenuDrawer),Chrome 66.0.3359.181,,2018-06-04 11:45:57,2018-06-04 11:45:57,0.007s,PASSED
click,Chrome 66.0.3359.181,,2018-06-04 11:45:57,2018-06-04 11:45:57,0.330s,PASSED
verifyElementPresent,Chrome 66.0.3359.181,,2018-06-04 11:45:57,2018-06-04 11:46:14,16.248s,FAILED
,,,,,,
Test Cases/UploadDocuments,Chrome 66.0.3359.181,,2018-06-04 11:46:14,2018-06-04 11:46:14,0.417s,ERROR
waitForElementVisible,Chrome 66.0.3359.181,,2018-06-04 11:46:14,2018-06-04 11:46:14,0.008s,PASSED
