{"devicePlatform":"","logFolder":"C:\\Users\\cbrown\\Katalon Studio\\Encashments\\Reports\\LoadEncashment\\20180604_114547","runData":{"hostName":"CBrown - Bss-L-Cbrown.clientele.local","os":"Windows 7 64bit","katalonVersion":"5.4.2.1","browser":"Chrome 66.0.3359.181","hostAddress":"10.32.88.37","sessionId":"c66be92732fe74a6707025be2963b203","seleniumVersion":"3.7.1","proxyInformation":"ProxyInformation{proxyOption\u003dNO_PROXY, proxyServerType\u003dHTTP, password\u003d, proxyServerAddress\u003d, proxyServerPort\u003d0}","platform":"Windows 7"},"type":"TEST_SUITE","name":"LoadEncashment","id":"Test Suites/LoadEncashment","source":"","message":"Test Cases/EncashmentLogins/LoginCBrown FAILED because (of) Unable to set text \u0027Cbrown\u0027 of object \u0027Object Repository/page_UnityLogin_OR/input_username\u0027 (Root cause: org.openqa.selenium.InvalidElementStateException: invalid element state: Element is not currently interactable and may not be manipulated\n  (Session info: chrome\u003d66.0.3359.181)\n  (Driver info: chromedriver\u003d2.35.528161 (5b82f2d2aae0ca24b877009200ced9065a772e73),platform\u003dWindows NT 6.1.7601 SP1 x86_64) (WARNING: The server did not provide any stacktrace information)\nCommand duration or timeout: 0 milliseconds\nBuild info: version: \u00273.7.1\u0027, revision: \u00278a0099a\u0027, time: \u00272017-11-06T21:07:36.161Z\u0027\nSystem info: host: \u0027BSS-L-CBROWN\u0027, ip: \u002710.32.88.37\u0027, os.name: \u0027Windows 7\u0027, os.arch: \u0027amd64\u0027, os.version: \u00276.1\u0027, java.version: \u00271.8.0_102\u0027\nDriver info: com.kms.katalon.selenium.driver.CChromeDriver\nCapabilities {acceptInsecureCerts: false, acceptSslCerts: false, applicationCacheEnabled: false, browserConnectionEnabled: false, browserName: chrome, chrome: {chromedriverVersion: 2.35.528161 (5b82f2d2aae0ca..., userDataDir: C:\\Users\\cbrown\\AppData\\Loc...}, cssSelectorsEnabled: true, databaseEnabled: false, handlesAlerts: true, hasTouchScreen: false, javascriptEnabled: true, locationContextEnabled: true, mobileEmulationEnabled: false, nativeEvents: true, networkConnectionEnabled: false, pageLoadStrategy: normal, platform: XP, platformName: XP, rotatable: false, setWindowRect: true, takesHeapSnapshot: true, takesScreenshot: true, unexpectedAlertBehaviour: , unhandledPromptBehavior: , version: 66.0.3359.181, webStorageEnabled: true}\nSession ID: c66be92732fe74a6707025be2963b203)","description":"","startTime":1528105549640,"endTime":1528105575353,"childRecords":[{"isOptional":false,"type":"TEST_CASE","name":"Test Cases/EncashmentLogins/LoginCBrown","id":"Test Cases/EncashmentLogins/LoginCBrown","source":"C:\\\\Users\\\\cbrown\\\\Katalon Studio\\\\Encashments\\\\Test Cases\\\\EncashmentLogins\\\\LoginCBrown.tc","message":"Test Cases/EncashmentLogins/LoginCBrown FAILED because (of) Unable to set text \u0027Cbrown\u0027 of object \u0027Object Repository/page_UnityLogin_OR/input_username\u0027 (Root cause: org.openqa.selenium.InvalidElementStateException: invalid element state: Element is not currently interactable and may not be manipulated\n  (Session info: chrome\u003d66.0.3359.181)\n  (Driver info: chromedriver\u003d2.35.528161 (5b82f2d2aae0ca24b877009200ced9065a772e73),platform\u003dWindows NT 6.1.7601 SP1 x86_64) (WARNING: The server did not provide any stacktrace information)\nCommand duration or timeout: 0 milliseconds\nBuild info: version: \u00273.7.1\u0027, revision: \u00278a0099a\u0027, time: \u00272017-11-06T21:07:36.161Z\u0027\nSystem info: host: \u0027BSS-L-CBROWN\u0027, ip: \u002710.32.88.37\u0027, os.name: \u0027Windows 7\u0027, os.arch: \u0027amd64\u0027, os.version: \u00276.1\u0027, java.version: \u00271.8.0_102\u0027\nDriver info: com.kms.katalon.selenium.driver.CChromeDriver\nCapabilities {acceptInsecureCerts: false, acceptSslCerts: false, applicationCacheEnabled: false, browserConnectionEnabled: false, browserName: chrome, chrome: {chromedriverVersion: 2.35.528161 (5b82f2d2aae0ca..., userDataDir: C:\\Users\\cbrown\\AppData\\Loc...}, cssSelectorsEnabled: true, databaseEnabled: false, handlesAlerts: true, hasTouchScreen: false, javascriptEnabled: true, locationContextEnabled: true, mobileEmulationEnabled: false, nativeEvents: true, networkConnectionEnabled: false, pageLoadStrategy: normal, platform: XP, platformName: XP, rotatable: false, setWindowRect: true, takesHeapSnapshot: true, takesScreenshot: true, unexpectedAlertBehaviour: , unhandledPromptBehavior: , version: 66.0.3359.181, webStorageEnabled: true}\nSession ID: c66be92732fe74a6707025be2963b203)","description":"","startTime":1528105550065,"endTime":1528105557070,"childRecords":[{"testStatus":{"stackTrace":"","statusValue":"INFO"},"type":"MESSAGE","name":"","message":"Evaluating variables for test case","startTime":1528105550109,"endTime":0,"childRecords":[],"interuppted":false},{"index":1,"isIgnoredIfFailed":false,"type":"TEST_STEP","name":"openBrowser","message":"Browser is opened with url: \u0027\u0027","description":"","startTime":1528105550491,"endTime":1528105554010,"childRecords":[{"testStatus":{"stackTrace":"","statusValue":"PASSED"},"type":"MESSAGE","name":"","message":"Browser is opened with url: \u0027\u0027","startTime":1528105554010,"endTime":0,"childRecords":[],"interuppted":false}],"interuppted":false},{"index":2,"isIgnoredIfFailed":false,"type":"TEST_STEP","name":"navigateToUrl","message":"Navigate to \u0027http://unitytest.clientele.local/#/\u0027 successfully","description":"","startTime":1528105554011,"endTime":1528105555020,"childRecords":[{"testStatus":{"stackTrace":"","statusValue":"PASSED"},"type":"MESSAGE","name":"","message":"Navigate to \u0027http://unitytest.clientele.local/#/\u0027 successfully","startTime":1528105555020,"endTime":0,"childRecords":[],"interuppted":false}],"interuppted":false},{"attachment":"1528105556791.png","index":3,"isIgnoredIfFailed":false,"type":"TEST_STEP","name":"setText","message":"Unable to set text \u0027Cbrown\u0027 of object \u0027Object Repository/page_UnityLogin_OR/input_username\u0027 (Root cause: org.openqa.selenium.InvalidElementStateException: invalid element state: Element is not currently interactable and may not be manipulated\n  (Session info: chrome\u003d66.0.3359.181)\n  (Driver info: chromedriver\u003d2.35.528161 (5b82f2d2aae0ca24b877009200ced9065a772e73),platform\u003dWindows NT 6.1.7601 SP1 x86_64) (WARNING: The server did not provide any stacktrace information)\nCommand duration or timeout: 0 milliseconds\nBuild info: version: \u00273.7.1\u0027, revision: \u00278a0099a\u0027, time: \u00272017-11-06T21:07:36.161Z\u0027\nSystem info: host: \u0027BSS-L-CBROWN\u0027, ip: \u002710.32.88.37\u0027, os.name: \u0027Windows 7\u0027, os.arch: \u0027amd64\u0027, os.version: \u00276.1\u0027, java.version: \u00271.8.0_102\u0027\nDriver info: com.kms.katalon.selenium.driver.CChromeDriver\nCapabilities {acceptInsecureCerts: false, acceptSslCerts: false, applicationCacheEnabled: false, browserConnectionEnabled: false, browserName: chrome, chrome: {chromedriverVersion: 2.35.528161 (5b82f2d2aae0ca..., userDataDir: C:\\Users\\cbrown\\AppData\\Loc...}, cssSelectorsEnabled: true, databaseEnabled: false, handlesAlerts: true, hasTouchScreen: false, javascriptEnabled: true, locationContextEnabled: true, mobileEmulationEnabled: false, nativeEvents: true, networkConnectionEnabled: false, pageLoadStrategy: normal, platform: XP, platformName: XP, rotatable: false, setWindowRect: true, takesHeapSnapshot: true, takesScreenshot: true, unexpectedAlertBehaviour: , unhandledPromptBehavior: , version: 66.0.3359.181, webStorageEnabled: true}\nSession ID: c66be92732fe74a6707025be2963b203)","description":"","startTime":1528105555021,"endTime":1528105557068,"childRecords":[{"testStatus":{"stackTrace":"","statusValue":"FAILED"},"attachment":"1528105556791.png","type":"MESSAGE","name":"","message":"Unable to set text \u0027Cbrown\u0027 of object \u0027Object Repository/page_UnityLogin_OR/input_username\u0027 (Root cause: org.openqa.selenium.InvalidElementStateException: invalid element state: Element is not currently interactable and may not be manipulated\n  (Session info: chrome\u003d66.0.3359.181)\n  (Driver info: chromedriver\u003d2.35.528161 (5b82f2d2aae0ca24b877009200ced9065a772e73),platform\u003dWindows NT 6.1.7601 SP1 x86_64) (WARNING: The server did not provide any stacktrace information)\nCommand duration or timeout: 0 milliseconds\nBuild info: version: \u00273.7.1\u0027, revision: \u00278a0099a\u0027, time: \u00272017-11-06T21:07:36.161Z\u0027\nSystem info: host: \u0027BSS-L-CBROWN\u0027, ip: \u002710.32.88.37\u0027, os.name: \u0027Windows 7\u0027, os.arch: \u0027amd64\u0027, os.version: \u00276.1\u0027, java.version: \u00271.8.0_102\u0027\nDriver info: com.kms.katalon.selenium.driver.CChromeDriver\nCapabilities {acceptInsecureCerts: false, acceptSslCerts: false, applicationCacheEnabled: false, browserConnectionEnabled: false, browserName: chrome, chrome: {chromedriverVersion: 2.35.528161 (5b82f2d2aae0ca..., userDataDir: C:\\Users\\cbrown\\AppData\\Loc...}, cssSelectorsEnabled: true, databaseEnabled: false, handlesAlerts: true, hasTouchScreen: false, javascriptEnabled: true, locationContextEnabled: true, mobileEmulationEnabled: false, nativeEvents: true, networkConnectionEnabled: false, pageLoadStrategy: normal, platform: XP, platformName: XP, rotatable: false, setWindowRect: true, takesHeapSnapshot: true, takesScreenshot: true, unexpectedAlertBehaviour: , unhandledPromptBehavior: , version: 66.0.3359.181, webStorageEnabled: true}\nSession ID: c66be92732fe74a6707025be2963b203)","startTime":1528105557067,"endTime":0,"childRecords":[],"interuppted":false}],"interuppted":false},{"testStatus":{"stackTrace":"","statusValue":"FAILED"},"type":"MESSAGE","name":"","message":"Test Cases/EncashmentLogins/LoginCBrown FAILED because (of) Unable to set text \u0027Cbrown\u0027 of object \u0027Object Repository/page_UnityLogin_OR/input_username\u0027 (Root cause: org.openqa.selenium.InvalidElementStateException: invalid element state: Element is not currently interactable and may not be manipulated\n  (Session info: chrome\u003d66.0.3359.181)\n  (Driver info: chromedriver\u003d2.35.528161 (5b82f2d2aae0ca24b877009200ced9065a772e73),platform\u003dWindows NT 6.1.7601 SP1 x86_64) (WARNING: The server did not provide any stacktrace information)\nCommand duration or timeout: 0 milliseconds\nBuild info: version: \u00273.7.1\u0027, revision: \u00278a0099a\u0027, time: \u00272017-11-06T21:07:36.161Z\u0027\nSystem info: host: \u0027BSS-L-CBROWN\u0027, ip: \u002710.32.88.37\u0027, os.name: \u0027Windows 7\u0027, os.arch: \u0027amd64\u0027, os.version: \u00276.1\u0027, java.version: \u00271.8.0_102\u0027\nDriver info: com.kms.katalon.selenium.driver.CChromeDriver\nCapabilities {acceptInsecureCerts: false, acceptSslCerts: false, applicationCacheEnabled: false, browserConnectionEnabled: false, browserName: chrome, chrome: {chromedriverVersion: 2.35.528161 (5b82f2d2aae0ca..., userDataDir: C:\\Users\\cbrown\\AppData\\Loc...}, cssSelectorsEnabled: true, databaseEnabled: false, handlesAlerts: true, hasTouchScreen: false, javascriptEnabled: true, locationContextEnabled: true, mobileEmulationEnabled: false, nativeEvents: true, networkConnectionEnabled: false, pageLoadStrategy: normal, platform: XP, platformName: XP, rotatable: false, setWindowRect: true, takesHeapSnapshot: true, takesScreenshot: true, unexpectedAlertBehaviour: , unhandledPromptBehavior: , version: 66.0.3359.181, webStorageEnabled: true}\nSession ID: c66be92732fe74a6707025be2963b203)","startTime":1528105557069,"endTime":0,"childRecords":[],"interuppted":false}],"interuppted":false},{"isOptional":false,"type":"TEST_CASE","name":"Test Cases/LoadNewEncashment","id":"Test Cases/LoadNewEncashment","source":"C:\\\\Users\\\\cbrown\\\\Katalon Studio\\\\Encashments\\\\Test Cases\\\\LoadNewEncashment.tc","message":"Test Cases/LoadNewEncashment FAILED because (of) Unable to verify object \u0027Object Repository/Page_Clientle Unity/h1_Clientle Encashments Search\u0027 is present (Root cause: com.kms.katalon.core.webui.exception.WebElementNotFoundException: Web element with id: \u0027Object Repository/Page_Clientle Unity/h1_Clientle Encashments Search\u0027 located by \u0027By.xpath: //h1[(text() \u003d \u0027Clientèle Encashments Search\u0027 or . \u003d \u0027Clientèle Encashments Search\u0027)]\u0027 not found)","description":"","startTime":1528105557073,"endTime":1528105574141,"childRecords":[{"testStatus":{"stackTrace":"","statusValue":"INFO"},"type":"MESSAGE","name":"","message":"Evaluating variables for test case","startTime":1528105557125,"endTime":0,"childRecords":[],"interuppted":false},{"index":1,"isIgnoredIfFailed":false,"type":"TEST_STEP","name":"Statement - row \u003d 9","description":"","startTime":1528105557485,"endTime":1528105557487,"childRecords":[],"interuppted":false},{"index":2,"isIgnoredIfFailed":false,"type":"TEST_STEP","name":"navigateToUrl","message":"Navigate to \u0027http://unitytest.clientele.local/#/Encashments/\u0027 successfully","description":"","startTime":1528105557487,"endTime":1528105557552,"childRecords":[{"testStatus":{"stackTrace":"","statusValue":"PASSED"},"type":"MESSAGE","name":"","message":"Navigate to \u0027http://unitytest.clientele.local/#/Encashments/\u0027 successfully","startTime":1528105557551,"endTime":0,"childRecords":[],"interuppted":false}],"interuppted":false},{"index":3,"isIgnoredIfFailed":false,"type":"TEST_STEP","name":"Statement - button_CloseDrawer \u003d com.kms.katalon.core.testobject.ObjectRepository.findTestObject(Object Repository/Page_Clientle Unity/button__CloseMenuDrawer)","message":"Finding Test Object with id \u0027Object Repository/Page_Clientle Unity/button__CloseMenuDrawer\u0027","description":"","startTime":1528105557552,"endTime":1528105557559,"childRecords":[],"interuppted":false},{"attachment":"1528105557631.png","index":4,"isIgnoredIfFailed":false,"type":"TEST_STEP","name":"click","message":"Unable to click on object \u0027Object Repository/Page_Clientle Unity/button__CloseMenuDrawer\u0027 (Root cause: org.openqa.selenium.ElementNotVisibleException: element not visible\n  (Session info: chrome\u003d66.0.3359.181)\n  (Driver info: chromedriver\u003d2.35.528161 (5b82f2d2aae0ca24b877009200ced9065a772e73),platform\u003dWindows NT 6.1.7601 SP1 x86_64) (WARNING: The server did not provide any stacktrace information)\nCommand duration or timeout: 0 milliseconds\nBuild info: version: \u00273.7.1\u0027, revision: \u00278a0099a\u0027, time: \u00272017-11-06T21:07:36.161Z\u0027\nSystem info: host: \u0027BSS-L-CBROWN\u0027, ip: \u002710.32.88.37\u0027, os.name: \u0027Windows 7\u0027, os.arch: \u0027amd64\u0027, os.version: \u00276.1\u0027, java.version: \u00271.8.0_102\u0027\nDriver info: com.kms.katalon.selenium.driver.CChromeDriver\nCapabilities {acceptInsecureCerts: false, acceptSslCerts: false, applicationCacheEnabled: false, browserConnectionEnabled: false, browserName: chrome, chrome: {chromedriverVersion: 2.35.528161 (5b82f2d2aae0ca..., userDataDir: C:\\Users\\cbrown\\AppData\\Loc...}, cssSelectorsEnabled: true, databaseEnabled: false, handlesAlerts: true, hasTouchScreen: false, javascriptEnabled: true, locationContextEnabled: true, mobileEmulationEnabled: false, nativeEvents: true, networkConnectionEnabled: false, pageLoadStrategy: normal, platform: XP, platformName: XP, rotatable: false, setWindowRect: true, takesHeapSnapshot: true, takesScreenshot: true, unexpectedAlertBehaviour: , unhandledPromptBehavior: , version: 66.0.3359.181, webStorageEnabled: true}\nSession ID: c66be92732fe74a6707025be2963b203)","description":"","startTime":1528105557560,"endTime":1528105557890,"childRecords":[{"testStatus":{"stackTrace":"","statusValue":"WARNING"},"attachment":"1528105557631.png","type":"MESSAGE","name":"","message":"Unable to click on object \u0027Object Repository/Page_Clientle Unity/button__CloseMenuDrawer\u0027 (Root cause: org.openqa.selenium.ElementNotVisibleException: element not visible\n  (Session info: chrome\u003d66.0.3359.181)\n  (Driver info: chromedriver\u003d2.35.528161 (5b82f2d2aae0ca24b877009200ced9065a772e73),platform\u003dWindows NT 6.1.7601 SP1 x86_64) (WARNING: The server did not provide any stacktrace information)\nCommand duration or timeout: 0 milliseconds\nBuild info: version: \u00273.7.1\u0027, revision: \u00278a0099a\u0027, time: \u00272017-11-06T21:07:36.161Z\u0027\nSystem info: host: \u0027BSS-L-CBROWN\u0027, ip: \u002710.32.88.37\u0027, os.name: \u0027Windows 7\u0027, os.arch: \u0027amd64\u0027, os.version: \u00276.1\u0027, java.version: \u00271.8.0_102\u0027\nDriver info: com.kms.katalon.selenium.driver.CChromeDriver\nCapabilities {acceptInsecureCerts: false, acceptSslCerts: false, applicationCacheEnabled: false, browserConnectionEnabled: false, browserName: chrome, chrome: {chromedriverVersion: 2.35.528161 (5b82f2d2aae0ca..., userDataDir: C:\\Users\\cbrown\\AppData\\Loc...}, cssSelectorsEnabled: true, databaseEnabled: false, handlesAlerts: true, hasTouchScreen: false, javascriptEnabled: true, locationContextEnabled: true, mobileEmulationEnabled: false, nativeEvents: true, networkConnectionEnabled: false, pageLoadStrategy: normal, platform: XP, platformName: XP, rotatable: false, setWindowRect: true, takesHeapSnapshot: true, takesScreenshot: true, unexpectedAlertBehaviour: , unhandledPromptBehavior: , version: 66.0.3359.181, webStorageEnabled: true}\nSession ID: c66be92732fe74a6707025be2963b203)","startTime":1528105557888,"endTime":0,"childRecords":[],"interuppted":false}],"interuppted":false},{"attachment":"1528105573867.png","index":5,"isIgnoredIfFailed":false,"type":"TEST_STEP","name":"verifyElementPresent","message":"Unable to verify object \u0027Object Repository/Page_Clientle Unity/h1_Clientle Encashments Search\u0027 is present (Root cause: com.kms.katalon.core.webui.exception.WebElementNotFoundException: Web element with id: \u0027Object Repository/Page_Clientle Unity/h1_Clientle Encashments Search\u0027 located by \u0027By.xpath: //h1[(text() \u003d \u0027Clientèle Encashments Search\u0027 or . \u003d \u0027Clientèle Encashments Search\u0027)]\u0027 not found)","description":"","startTime":1528105557890,"endTime":1528105574138,"childRecords":[{"testStatus":{"stackTrace":"","statusValue":"FAILED"},"attachment":"1528105573537.png","type":"MESSAGE","name":"","message":"com.kms.katalon.core.webui.exception.WebElementNotFoundException: Web element with id: \u0027Object Repository/Page_Clientle Unity/h1_Clientle Encashments Search\u0027 located by \u0027By.xpath: //h1[(text() \u003d \u0027Clientèle Encashments Search\u0027 or . \u003d \u0027Clientèle Encashments Search\u0027)]\u0027 not found","startTime":1528105573866,"endTime":0,"childRecords":[],"interuppted":false},{"testStatus":{"stackTrace":"","statusValue":"FAILED"},"attachment":"1528105573867.png","type":"MESSAGE","name":"","message":"Unable to verify object \u0027Object Repository/Page_Clientle Unity/h1_Clientle Encashments Search\u0027 is present (Root cause: com.kms.katalon.core.webui.exception.WebElementNotFoundException: Web element with id: \u0027Object Repository/Page_Clientle Unity/h1_Clientle Encashments Search\u0027 located by \u0027By.xpath: //h1[(text() \u003d \u0027Clientèle Encashments Search\u0027 or . \u003d \u0027Clientèle Encashments Search\u0027)]\u0027 not found)","startTime":1528105574136,"endTime":0,"childRecords":[],"interuppted":false}],"interuppted":false},{"testStatus":{"stackTrace":"","statusValue":"FAILED"},"type":"MESSAGE","name":"","message":"Test Cases/LoadNewEncashment FAILED because (of) Unable to verify object \u0027Object Repository/Page_Clientle Unity/h1_Clientle Encashments Search\u0027 is present (Root cause: com.kms.katalon.core.webui.exception.WebElementNotFoundException: Web element with id: \u0027Object Repository/Page_Clientle Unity/h1_Clientle Encashments Search\u0027 located by \u0027By.xpath: //h1[(text() \u003d \u0027Clientèle Encashments Search\u0027 or . \u003d \u0027Clientèle Encashments Search\u0027)]\u0027 not found)","startTime":1528105574139,"endTime":0,"childRecords":[],"interuppted":false}],"interuppted":false},{"isOptional":false,"type":"TEST_CASE","name":"Test Cases/UploadDocuments","id":"Test Cases/UploadDocuments","source":"C:\\\\Users\\\\cbrown\\\\Katalon Studio\\\\Encashments\\\\Test Cases\\\\UploadDocuments.tc","message":"Test Cases/UploadDocuments FAILED because (of) groovy.lang.MissingMethodException: No signature of method: static com.kms.katalon.core.webui.keyword.WebUiBuiltInKeywords.waitForElementVisible() is applicable for argument types: (com.kms.katalon.core.testobject.TestObject) values: [TestObject - \u0027Object Repository/Page_Clientle Unity/Page_EncashmentsRequiredDocs_OR/a_Required Documents\u0027]\nPossible solutions: waitForElementVisible(com.kms.katalon.core.testobject.TestObject, int), waitForElementVisible(com.kms.katalon.core.testobject.TestObject, int, com.kms.katalon.core.model.FailureHandling), waitForElementNotVisible(com.kms.katalon.core.testobject.TestObject, int), waitForElementNotVisible(com.kms.katalon.core.testobject.TestObject, int, com.kms.katalon.core.model.FailureHandling)","description":"","startTime":1528105574145,"endTime":1528105574562,"childRecords":[{"testStatus":{"stackTrace":"","statusValue":"INFO"},"type":"MESSAGE","name":"","message":"Evaluating variables for test case","startTime":1528105574160,"endTime":0,"childRecords":[],"interuppted":false},{"index":1,"isIgnoredIfFailed":false,"type":"TEST_STEP","name":"waitForElementVisible","message":"Finding Test Object with id \u0027Object Repository/Page_Clientle Unity/Page_EncashmentsRequiredDocs_OR/a_Required Documents\u0027","description":"","startTime":1528105574331,"endTime":1528105574339,"childRecords":[],"interuppted":false},{"testStatus":{"stackTrace":"","statusValue":"ERROR"},"type":"MESSAGE","name":"","message":"Test Cases/UploadDocuments FAILED because (of) groovy.lang.MissingMethodException: No signature of method: static com.kms.katalon.core.webui.keyword.WebUiBuiltInKeywords.waitForElementVisible() is applicable for argument types: (com.kms.katalon.core.testobject.TestObject) values: [TestObject - \u0027Object Repository/Page_Clientle Unity/Page_EncashmentsRequiredDocs_OR/a_Required Documents\u0027]\nPossible solutions: waitForElementVisible(com.kms.katalon.core.testobject.TestObject, int), waitForElementVisible(com.kms.katalon.core.testobject.TestObject, int, com.kms.katalon.core.model.FailureHandling), waitForElementNotVisible(com.kms.katalon.core.testobject.TestObject, int), waitForElementNotVisible(com.kms.katalon.core.testobject.TestObject, int, com.kms.katalon.core.model.FailureHandling)","startTime":1528105574429,"endTime":0,"childRecords":[],"interuppted":false}],"interuppted":false}],"interuppted":false}