Suite/Test/Step Name,Browser,Description,Start time,End time,Duration,Status
LoadEncashment,,,2018-06-04 11:05:31,2018-06-04 11:05:33,2.181s,FAILED
,,,,,,
Test Cases/LoadNewEncashment,,,2018-06-04 11:05:32,2018-06-04 11:05:33,1.057s,FAILED
Statement - row = 7,,,2018-06-04 11:05:32,2018-06-04 11:05:32,0.004s,PASSED
navigateToUrl,,,2018-06-04 11:05:32,2018-06-04 11:05:33,0.493s,FAILED
,,,,,,
Test Cases/UploadDocuments,,,2018-06-04 11:05:33,2018-06-04 11:05:33,0.596s,ERROR
waitForElementVisible,,,2018-06-04 11:05:33,2018-06-04 11:05:33,0.029s,PASSED
