Suite/Test/Step Name,Browser,Description,Start time,End time,Duration,Status
LoadEncashment,Chrome 66.0.3359.181,,2018-06-04 11:21:21,2018-06-04 11:21:33,11.900s,ERROR
,,,,,,
Test Cases/EncashmentLogins/LoginCBrown,Chrome 66.0.3359.181,,2018-06-04 11:21:22,2018-06-04 11:21:31,9.314s,PASSED
openBrowser,Chrome 66.0.3359.181,,2018-06-04 11:21:22,2018-06-04 11:21:26,3.977s,PASSED
navigateToUrl,Chrome 66.0.3359.181,,2018-06-04 11:21:26,2018-06-04 11:21:28,1.339s,PASSED
Statement - myTestObject = new com.kms.katalon.core.testobject.TestObject(HelloWorld),Chrome 66.0.3359.181,,2018-06-04 11:21:28,2018-06-04 11:21:28,0.007s,PASSED
Statement - properties = new java.util.ArrayList(),Chrome 66.0.3359.181,,2018-06-04 11:21:28,2018-06-04 11:21:28,0.001s,PASSED
"Statement - properties.add(new com.kms.katalon.core.testobject.TestObjectProperty(ng-model, com.kms.katalon.core.testobject.ConditionType.EQUALS, username))",Chrome 66.0.3359.181,,2018-06-04 11:21:28,2018-06-04 11:21:28,0.007s,PASSED
"Statement - properties.add(new com.kms.katalon.core.testobject.TestObjectProperty(tag, com.kms.katalon.core.testobject.ConditionType.EQUALS, input))",Chrome 66.0.3359.181,,2018-06-04 11:21:28,2018-06-04 11:21:28,0.001s,PASSED
Statement - myTestObject.setProperties(properties),Chrome 66.0.3359.181,,2018-06-04 11:21:28,2018-06-04 11:21:28,0.007s,PASSED
setText,Chrome 66.0.3359.181,,2018-06-04 11:21:28,2018-06-04 11:21:30,2.842s,PASSED
Statement - activeProperties = myTestObject.getProperties(),Chrome 66.0.3359.181,,2018-06-04 11:21:30,2018-06-04 11:21:30,0.001s,PASSED
Statement - For (def prop : activeProperties),Chrome 66.0.3359.181,,2018-06-04 11:21:30,2018-06-04 11:21:30,0.004s,PASSED
setText,Chrome 66.0.3359.181,,2018-06-04 11:21:30,2018-06-04 11:21:31,0.142s,PASSED
setText,Chrome 66.0.3359.181,,2018-06-04 11:21:31,2018-06-04 11:21:31,0.233s,PASSED
click,Chrome 66.0.3359.181,,2018-06-04 11:21:31,2018-06-04 11:21:31,0.122s,PASSED
,,,,,,
Test Cases/LoadNewEncashment,Chrome 66.0.3359.181,,2018-06-04 11:21:31,2018-06-04 11:21:32,0.775s,ERROR
Statement - row = 8,Chrome 66.0.3359.181,,2018-06-04 11:21:31,2018-06-04 11:21:31,0.002s,PASSED
navigateToUrl,Chrome 66.0.3359.181,,2018-06-04 11:21:31,2018-06-04 11:21:31,0.079s,PASSED
Statement - button_CloseDrawer = com.kms.katalon.core.testobject.ObjectRepository.findTestObject(Object Repository/Page_Clientle Unity/button__CloseMenuDrawer),Chrome 66.0.3359.181,,2018-06-04 11:21:31,2018-06-04 11:21:31,0.010s,PASSED
"Statement - If (com.kms.katalon.core.webui.keyword.WebUiBuiltInKeywords.verifyElementPresent(button_CloseDrawer, TimeOut))",Chrome 66.0.3359.181,,2018-06-04 11:21:31,2018-06-04 11:21:31,0.006s,PASSED
,,,,,,
Test Cases/UploadDocuments,Chrome 66.0.3359.181,,2018-06-04 11:21:32,2018-06-04 11:21:32,0.415s,ERROR
waitForElementVisible,Chrome 66.0.3359.181,,2018-06-04 11:21:32,2018-06-04 11:21:32,0.006s,PASSED
