Suite/Test/Step Name,Browser,Description,Start time,End time,Duration,Status
LoadEncashment,Chrome 67.0.3396.79,,2018-06-11 10:21:32,2018-06-11 10:22:00,28.627s,PASSED
,,,,,,
Test Cases/EncashmentLogins/LoginEncashmentsCallCentreAgent,Chrome 67.0.3396.79,,2018-06-11 10:21:32,2018-06-11 10:21:41,8.537s,PASSED
openBrowser,Chrome 67.0.3396.79,,2018-06-11 10:21:33,2018-06-11 10:21:37,3.958s,PASSED
navigateToUrl,Chrome 67.0.3396.79,,2018-06-11 10:21:37,2018-06-11 10:21:38,0.880s,PASSED
Statement - input_username = com.kms.katalon.core.testobject.ObjectRepository.findTestObject(Object Repository/page_UnityLogin_OR/input_username),Chrome 67.0.3396.79,,2018-06-11 10:21:38,2018-06-11 10:21:38,0.035s,PASSED
Statement - input_password = com.kms.katalon.core.testobject.ObjectRepository.findTestObject(Object Repository/page_UnityLogin_OR/input_password),Chrome 67.0.3396.79,,2018-06-11 10:21:38,2018-06-11 10:21:38,0.016s,PASSED
setText,Chrome 67.0.3396.79,,2018-06-11 10:21:38,2018-06-11 10:21:40,2.180s,PASSED
setText,Chrome 67.0.3396.79,,2018-06-11 10:21:40,2018-06-11 10:21:41,0.279s,PASSED
click,Chrome 67.0.3396.79,,2018-06-11 10:21:41,2018-06-11 10:21:41,0.124s,PASSED
,,,,,,
Test Cases/LoadNewEncashment,Chrome 67.0.3396.79,,2018-06-11 10:21:41,2018-06-11 10:21:59,18.334s,PASSED
callTestCase,Chrome 67.0.3396.79,,2018-06-11 10:21:41,2018-06-11 10:21:48,7.290s,PASSED
navigateToUrl,Chrome 67.0.3396.79,,2018-06-11 10:21:48,2018-06-11 10:21:49,0.044s,PASSED
waitForPageLoad,Chrome 67.0.3396.79,,2018-06-11 10:21:49,2018-06-11 10:21:49,0.052s,PASSED
verifyElementPresent,Chrome 67.0.3396.79,,2018-06-11 10:21:49,2018-06-11 10:21:49,0.574s,PASSED
setText,Chrome 67.0.3396.79,,2018-06-11 10:21:49,2018-06-11 10:21:50,1.053s,PASSED
click,Chrome 67.0.3396.79,,2018-06-11 10:21:50,2018-06-11 10:21:50,0.127s,PASSED
click,Chrome 67.0.3396.79,,2018-06-11 10:21:50,2018-06-11 10:21:52,1.232s,PASSED
takeScreenshot,Chrome 67.0.3396.79,,2018-06-11 10:21:52,2018-06-11 10:21:52,0.415s,PASSED
waitForElementVisible,Chrome 67.0.3396.79,,2018-06-11 10:21:52,2018-06-11 10:21:52,0.114s,PASSED
click,Chrome 67.0.3396.79,,2018-06-11 10:21:52,2018-06-11 10:21:52,0.099s,PASSED
takeScreenshot,Chrome 67.0.3396.79,,2018-06-11 10:21:52,2018-06-11 10:21:53,0.359s,PASSED
Statement - div_ValueRequestErrorMessage = com.kms.katalon.core.testobject.ObjectRepository.findTestObject(Object Repository/Page_Clientle Unity/div_ValueRequestErrorMessage),Chrome 67.0.3396.79,,2018-06-11 10:21:53,2018-06-11 10:21:53,0.004s,PASSED
waitForElementVisible,Chrome 67.0.3396.79,,2018-06-11 10:21:53,2018-06-11 10:21:53,0.584s,PASSED
click,Chrome 67.0.3396.79,,2018-06-11 10:21:53,2018-06-11 10:21:53,0.184s,PASSED
takeScreenshot,Chrome 67.0.3396.79,,2018-06-11 10:21:53,2018-06-11 10:21:54,0.289s,PASSED
waitForAngularLoad,Chrome 67.0.3396.79,,2018-06-11 10:21:54,2018-06-11 10:21:56,2.622s,PASSED
waitForElementVisible,Chrome 67.0.3396.79,,2018-06-11 10:21:56,2018-06-11 10:21:56,0.051s,PASSED
click,Chrome 67.0.3396.79,,2018-06-11 10:21:56,2018-06-11 10:21:56,0.122s,PASSED
selectOptionByLabel,Chrome 67.0.3396.79,,2018-06-11 10:21:56,2018-06-11 10:21:57,0.236s,PASSED
setText,Chrome 67.0.3396.79,,2018-06-11 10:21:57,2018-06-11 10:21:57,0.565s,PASSED
setText,Chrome 67.0.3396.79,,2018-06-11 10:21:57,2018-06-11 10:21:58,0.323s,PASSED
Statement - EncashAvailableAmnt = com.kms.katalon.core.webui.keyword.WebUiBuiltInKeywords.getText(com.kms.katalon.core.testobject.ObjectRepository.findTestObject(Object Repository/Page_Clientle Unity/Page_NewEncashment_OR/label_AvailableAmount)),Chrome 67.0.3396.79,,2018-06-11 10:21:58,2018-06-11 10:21:58,0.086s,PASSED
"Statement - println(""--------------------"" + EncashAvailableAmnt + ""--------------------"")",Chrome 67.0.3396.79,,2018-06-11 10:21:58,2018-06-11 10:21:58,0.004s,PASSED
"Statement - SplitString = EncashAvailableAmnt.split("" "")",Chrome 67.0.3396.79,,2018-06-11 10:21:58,2018-06-11 10:21:58,0.004s,PASSED
Statement - println(SplitString),Chrome 67.0.3396.79,,2018-06-11 10:21:58,2018-06-11 10:21:58,0.001s,PASSED
Statement - last = SplitString[length - 1],Chrome 67.0.3396.79,,2018-06-11 10:21:58,2018-06-11 10:21:58,0.008s,PASSED
"Statement - encashValue = com.kms.katalon.core.testdata.TestDataFactory.findTestData(EncashmentPolicies).getValue(""encashAmount"", row)",Chrome 67.0.3396.79,,2018-06-11 10:21:58,2018-06-11 10:21:58,0.040s,PASSED
Statement - AvailableEncashmentAmount = last.toString(),Chrome 67.0.3396.79,,2018-06-11 10:21:58,2018-06-11 10:21:58,0.005s,PASSED
Statement - encashAmnt = encashValue.toString(),Chrome 67.0.3396.79,,2018-06-11 10:21:58,2018-06-11 10:21:58,0.001s,PASSED
Statement - If (last < encashValue),Chrome 67.0.3396.79,,2018-06-11 10:21:58,2018-06-11 10:21:58,0.231s,PASSED
click,Chrome 67.0.3396.79,,2018-06-11 10:21:58,2018-06-11 10:21:58,0.140s,PASSED
selectOptionByValue,Chrome 67.0.3396.79,,2018-06-11 10:21:58,2018-06-11 10:21:58,0.275s,PASSED
click,Chrome 67.0.3396.79,,2018-06-11 10:21:58,2018-06-11 10:21:58,0.128s,PASSED
waitForElementPresent,Chrome 67.0.3396.79,,2018-06-11 10:21:58,2018-06-11 10:21:59,0.047s,PASSED
Statement - NewEncashment = com.kms.katalon.core.webui.keyword.WebUiBuiltInKeywords.getText(com.kms.katalon.core.testobject.ObjectRepository.findTestObject(Object Repository/Page_Clientle Unity/h2_Encashment - (New))),Chrome 67.0.3396.79,,2018-06-11 10:21:59,2018-06-11 10:21:59,0.059s,PASSED
"Statement - println(""---------------"" + NewEncashment + ""-------------------"")",Chrome 67.0.3396.79,,2018-06-11 10:21:59,2018-06-11 10:21:59,0.001s,PASSED
"Statement - SplitEncashNo = NewEncashment.split("" - "")",Chrome 67.0.3396.79,,2018-06-11 10:21:59,2018-06-11 10:21:59,0.000s,PASSED
"Statement - println(""---------------"" + SplitEncashNo + ""-------------------"")",Chrome 67.0.3396.79,,2018-06-11 10:21:59,2018-06-11 10:21:59,0.001s,PASSED
Statement - EncashmentNo = SplitEncashNo[length - 1],Chrome 67.0.3396.79,,2018-06-11 10:21:59,2018-06-11 10:21:59,0.000s,PASSED
"Statement - println(""---------------"" + EncashmentNo + ""-------------------"")",Chrome 67.0.3396.79,,2018-06-11 10:21:59,2018-06-11 10:21:59,0.001s,PASSED
myPack.WriteExcel.demoKey,Chrome 67.0.3396.79,,2018-06-11 10:21:59,2018-06-11 10:21:59,0.262s,PASSED
takeScreenshot,Chrome 67.0.3396.79,,2018-06-11 10:21:59,2018-06-11 10:21:59,0.287s,PASSED
waitForPageLoad,Chrome 67.0.3396.79,,2018-06-11 10:21:59,2018-06-11 10:21:59,0.010s,PASSED
