{"devicePlatform":"","logFolder":"C:\\Users\\cbrown\\Katalon Studio\\Encashments\\Reports\\LoadEncashment\\20180611_102128","runData":{"hostName":"CBrown - Bss-L-Cbrown.clientele.local","os":"Windows 7 64bit","katalonVersion":"5.4.2.1","browser":"Chrome 67.0.3396.79","hostAddress":"10.32.88.37","sessionId":"3c7e5323b333456a215b41e1c2975642","seleniumVersion":"3.7.1","proxyInformation":"ProxyInformation{proxyOption\u003dUSE_SYSTEM, proxyServerType\u003dHTTP, password\u003d, proxyServerAddress\u003d, proxyServerPort\u003d0}","platform":"Windows 7"},"type":"TEST_SUITE","name":"LoadEncashment","id":"Test Suites/LoadEncashment","source":"","message":"Test Cases/LoadNewEncashment","description":"","startTime":1528705292033,"endTime":1528705320660,"childRecords":[{"isOptional":false,"type":"TEST_CASE","name":"Test Cases/EncashmentLogins/LoginEncashmentsCallCentreAgent","id":"Test Cases/EncashmentLogins/LoginEncashmentsCallCentreAgent","source":"C:\\\\Users\\\\cbrown\\\\Katalon Studio\\\\Encashments\\\\Test Cases\\\\EncashmentLogins\\\\LoginEncashmentsCallCentreAgent.tc","message":"Test Cases/EncashmentLogins/LoginEncashmentsCallCentreAgent","description":"","startTime":1528705292784,"endTime":1528705301321,"childRecords":[{"testStatus":{"stackTrace":"","statusValue":"INFO"},"type":"MESSAGE","name":"","message":"Evaluating variables for test case","startTime":1528705292813,"endTime":0,"childRecords":[],"interuppted":false},{"index":1,"isIgnoredIfFailed":false,"type":"TEST_STEP","name":"openBrowser","message":"Browser is opened with url: \u0027\u0027","description":"","startTime":1528705293831,"endTime":1528705297789,"childRecords":[{"testStatus":{"stackTrace":"","statusValue":"PASSED"},"type":"MESSAGE","name":"","message":"Browser is opened with url: \u0027\u0027","startTime":1528705297786,"endTime":0,"childRecords":[],"interuppted":false}],"interuppted":false},{"index":2,"isIgnoredIfFailed":false,"type":"TEST_STEP","name":"navigateToUrl","message":"Navigate to \u0027http://unitytest.clientele.local/#/\u0027 successfully","description":"","startTime":1528705297789,"endTime":1528705298669,"childRecords":[{"testStatus":{"stackTrace":"","statusValue":"PASSED"},"type":"MESSAGE","name":"","message":"Navigate to \u0027http://unitytest.clientele.local/#/\u0027 successfully","startTime":1528705298668,"endTime":0,"childRecords":[],"interuppted":false}],"interuppted":false},{"index":3,"isIgnoredIfFailed":false,"type":"TEST_STEP","name":"Statement - input_username \u003d com.kms.katalon.core.testobject.ObjectRepository.findTestObject(Object Repository/page_UnityLogin_OR/input_username)","message":"Finding Test Object with id \u0027Object Repository/page_UnityLogin_OR/input_username\u0027","description":"","startTime":1528705298670,"endTime":1528705298705,"childRecords":[],"interuppted":false},{"index":4,"isIgnoredIfFailed":false,"type":"TEST_STEP","name":"Statement - input_password \u003d com.kms.katalon.core.testobject.ObjectRepository.findTestObject(Object Repository/page_UnityLogin_OR/input_password)","message":"Finding Test Object with id \u0027Object Repository/page_UnityLogin_OR/input_password\u0027","description":"","startTime":1528705298711,"endTime":1528705298727,"childRecords":[],"interuppted":false},{"index":5,"isIgnoredIfFailed":false,"type":"TEST_STEP","name":"setText","message":"Text \u0027test\\EncashmentsCallCentreAgent\u0027 is set on object \u0027Object Repository/page_UnityLogin_OR/input_username\u0027","description":"","startTime":1528705298731,"endTime":1528705300911,"childRecords":[{"testStatus":{"stackTrace":"","statusValue":"PASSED"},"type":"MESSAGE","name":"","message":"Text \u0027test\\EncashmentsCallCentreAgent\u0027 is set on object \u0027Object Repository/page_UnityLogin_OR/input_username\u0027","startTime":1528705300910,"endTime":0,"childRecords":[],"interuppted":false}],"interuppted":false},{"index":6,"isIgnoredIfFailed":false,"type":"TEST_STEP","name":"setText","message":"Text \u0027clientele001\u0027 is set on object \u0027Object Repository/page_UnityLogin_OR/input_password\u0027","description":"","startTime":1528705300912,"endTime":1528705301191,"childRecords":[{"testStatus":{"stackTrace":"","statusValue":"PASSED"},"type":"MESSAGE","name":"","message":"Text \u0027clientele001\u0027 is set on object \u0027Object Repository/page_UnityLogin_OR/input_password\u0027","startTime":1528705301190,"endTime":0,"childRecords":[],"interuppted":false}],"interuppted":false},{"index":7,"isIgnoredIfFailed":false,"type":"TEST_STEP","name":"click","message":"Object: \u0027Object Repository/page_UnityLogin_OR/button_Log in\u0027 is clicked on","description":"","startTime":1528705301193,"endTime":1528705301317,"childRecords":[{"testStatus":{"stackTrace":"","statusValue":"PASSED"},"type":"MESSAGE","name":"","message":"Object: \u0027Object Repository/page_UnityLogin_OR/button_Log in\u0027 is clicked on","startTime":1528705301316,"endTime":0,"childRecords":[],"interuppted":false}],"interuppted":false},{"testStatus":{"stackTrace":"","statusValue":"PASSED"},"type":"MESSAGE","name":"","message":"Test Cases/EncashmentLogins/LoginEncashmentsCallCentreAgent","startTime":1528705301320,"endTime":0,"childRecords":[],"interuppted":false}],"interuppted":false},{"isOptional":false,"type":"TEST_CASE","name":"Test Cases/LoadNewEncashment","id":"Test Cases/LoadNewEncashment","source":"C:\\\\Users\\\\cbrown\\\\Katalon Studio\\\\Encashments\\\\Test Cases\\\\LoadNewEncashment.tc","message":"Test Cases/LoadNewEncashment","description":"","startTime":1528705301324,"endTime":1528705319658,"childRecords":[{"testStatus":{"stackTrace":"","statusValue":"INFO"},"type":"MESSAGE","name":"","message":"Evaluating variables for test case","startTime":1528705301349,"endTime":0,"childRecords":[],"interuppted":false},{"index":1,"isIgnoredIfFailed":false,"type":"TEST_STEP","name":"callTestCase","message":"Call Test Case \u0027Test Cases/EncashmentLogins/LoginCBrown\u0027 successfully","description":"","startTime":1528705301708,"endTime":1528705308998,"childRecords":[{"isOptional":false,"type":"TEST_CASE","name":"Test Cases/EncashmentLogins/LoginCBrown","id":"Test Cases/EncashmentLogins/LoginCBrown","source":"C:\\\\Users\\\\cbrown\\\\Katalon Studio\\\\Encashments\\\\Test Cases\\\\EncashmentLogins\\\\LoginCBrown.tc","message":"Test Cases/EncashmentLogins/LoginCBrown","description":"","startTime":1528705301797,"endTime":1528705308992,"childRecords":[{"testStatus":{"stackTrace":"","statusValue":"INFO"},"type":"MESSAGE","name":"","message":"Evaluating variables for test case","startTime":1528705301806,"endTime":0,"childRecords":[],"interuppted":false},{"index":1,"isIgnoredIfFailed":false,"type":"TEST_STEP","name":"openBrowser","message":"Browser is opened with url: \u0027\u0027","description":"","startTime":1528705301979,"endTime":1528705305174,"childRecords":[{"testStatus":{"stackTrace":"","statusValue":"WARNING"},"type":"MESSAGE","name":"","message":"A browser is already opened. Closing browser and opening a new one","startTime":1528705301982,"endTime":0,"childRecords":[],"interuppted":false},{"testStatus":{"stackTrace":"","statusValue":"PASSED"},"type":"MESSAGE","name":"","message":"Browser is opened with url: \u0027\u0027","startTime":1528705305173,"endTime":0,"childRecords":[],"interuppted":false}],"interuppted":false},{"index":2,"isIgnoredIfFailed":false,"type":"TEST_STEP","name":"navigateToUrl","message":"Navigate to \u0027http://unitytest.clientele.local/#/\u0027 successfully","description":"","startTime":1528705305175,"endTime":1528705305827,"childRecords":[{"testStatus":{"stackTrace":"","statusValue":"PASSED"},"type":"MESSAGE","name":"","message":"Navigate to \u0027http://unitytest.clientele.local/#/\u0027 successfully","startTime":1528705305826,"endTime":0,"childRecords":[],"interuppted":false}],"interuppted":false},{"index":3,"isIgnoredIfFailed":false,"type":"TEST_STEP","name":"setText","message":"Text \u0027Cbrown\u0027 is set on object \u0027Object Repository/page_UnityLogin_OR/input_username\u0027","description":"","startTime":1528705305827,"endTime":1528705308681,"childRecords":[{"testStatus":{"stackTrace":"","statusValue":"PASSED"},"type":"MESSAGE","name":"","message":"Text \u0027Cbrown\u0027 is set on object \u0027Object Repository/page_UnityLogin_OR/input_username\u0027","startTime":1528705308680,"endTime":0,"childRecords":[],"interuppted":false}],"interuppted":false},{"index":4,"isIgnoredIfFailed":false,"type":"TEST_STEP","name":"setText","message":"Text \u0027MyMayPwrd!2018\u0027 is set on object \u0027Object Repository/page_UnityLogin_OR/input_password\u0027","description":"","startTime":1528705308681,"endTime":1528705308891,"childRecords":[{"testStatus":{"stackTrace":"","statusValue":"PASSED"},"type":"MESSAGE","name":"","message":"Text \u0027MyMayPwrd!2018\u0027 is set on object \u0027Object Repository/page_UnityLogin_OR/input_password\u0027","startTime":1528705308889,"endTime":0,"childRecords":[],"interuppted":false}],"interuppted":false},{"index":5,"isIgnoredIfFailed":false,"type":"TEST_STEP","name":"click","message":"Object: \u0027Object Repository/page_UnityLogin_OR/button_Log in\u0027 is clicked on","description":"","startTime":1528705308891,"endTime":1528705308990,"childRecords":[{"testStatus":{"stackTrace":"","statusValue":"PASSED"},"type":"MESSAGE","name":"","message":"Object: \u0027Object Repository/page_UnityLogin_OR/button_Log in\u0027 is clicked on","startTime":1528705308988,"endTime":0,"childRecords":[],"interuppted":false}],"interuppted":false},{"testStatus":{"stackTrace":"","statusValue":"PASSED"},"type":"MESSAGE","name":"","message":"Test Cases/EncashmentLogins/LoginCBrown","startTime":1528705308991,"endTime":0,"childRecords":[],"interuppted":false}],"interuppted":false},{"testStatus":{"stackTrace":"","statusValue":"PASSED"},"type":"MESSAGE","name":"","message":"Call Test Case \u0027Test Cases/EncashmentLogins/LoginCBrown\u0027 successfully","startTime":1528705308997,"endTime":0,"childRecords":[],"interuppted":false}],"interuppted":false},{"index":2,"isIgnoredIfFailed":false,"type":"TEST_STEP","name":"navigateToUrl","message":"Navigate to \u0027http://unitytest.clientele.local/#/Encashments/\u0027 successfully","description":"","startTime":1528705308999,"endTime":1528705309043,"childRecords":[{"testStatus":{"stackTrace":"","statusValue":"PASSED"},"type":"MESSAGE","name":"","message":"Navigate to \u0027http://unitytest.clientele.local/#/Encashments/\u0027 successfully","startTime":1528705309042,"endTime":0,"childRecords":[],"interuppted":false}],"interuppted":false},{"index":3,"isIgnoredIfFailed":false,"type":"TEST_STEP","name":"waitForPageLoad","message":"Wait for page load successfully","description":"","startTime":1528705309043,"endTime":1528705309095,"childRecords":[{"testStatus":{"stackTrace":"","statusValue":"PASSED"},"type":"MESSAGE","name":"","message":"Wait for page load successfully","startTime":1528705309095,"endTime":0,"childRecords":[],"interuppted":false}],"interuppted":false},{"index":4,"isIgnoredIfFailed":false,"type":"TEST_STEP","name":"verifyElementPresent","message":"Object \u0027Object Repository/Page_Clientle Unity/h1_Clientle Encashments Search\u0027 is present","description":"","startTime":1528705309096,"endTime":1528705309670,"childRecords":[{"testStatus":{"stackTrace":"","statusValue":"PASSED"},"type":"MESSAGE","name":"","message":"Object \u0027Object Repository/Page_Clientle Unity/h1_Clientle Encashments Search\u0027 is present","startTime":1528705309669,"endTime":0,"childRecords":[],"interuppted":false}],"interuppted":false},{"index":5,"isIgnoredIfFailed":false,"type":"TEST_STEP","name":"setText","message":"Text \u0027613243763\u0027 is set on object \u0027Object Repository/Page_Clientle Unity/input_stdPolicySearchSearchTex\u0027","description":"","startTime":1528705309671,"endTime":1528705310724,"childRecords":[{"testStatus":{"stackTrace":"","statusValue":"PASSED"},"type":"MESSAGE","name":"","message":"Text \u0027613243763\u0027 is set on object \u0027Object Repository/Page_Clientle Unity/input_stdPolicySearchSearchTex\u0027","startTime":1528705310723,"endTime":0,"childRecords":[],"interuppted":false}],"interuppted":false},{"index":6,"isIgnoredIfFailed":false,"type":"TEST_STEP","name":"click","message":"Object: \u0027Object Repository/Page_Clientle Unity/button_Search\u0027 is clicked on","description":"","startTime":1528705310724,"endTime":1528705310851,"childRecords":[{"testStatus":{"stackTrace":"","statusValue":"PASSED"},"type":"MESSAGE","name":"","message":"Object: \u0027Object Repository/Page_Clientle Unity/button_Search\u0027 is clicked on","startTime":1528705310850,"endTime":0,"childRecords":[],"interuppted":false}],"interuppted":false},{"index":7,"isIgnoredIfFailed":false,"type":"TEST_STEP","name":"click","message":"Object: \u0027Object Repository/Page_Clientle Unity/a_Details\u0027 is clicked on","description":"","startTime":1528705310851,"endTime":1528705312083,"childRecords":[{"testStatus":{"stackTrace":"","statusValue":"PASSED"},"type":"MESSAGE","name":"","message":"Object: \u0027Object Repository/Page_Clientle Unity/a_Details\u0027 is clicked on","startTime":1528705312082,"endTime":0,"childRecords":[],"interuppted":false}],"interuppted":false},{"attachment":"C:\\\\Users\\\\cbrown\\\\Katalon Studio\\\\Encashments\\\\Reports\\\\LoadEncashment\\\\20180611_102128\\\\1528705312097.png","index":8,"isIgnoredIfFailed":false,"type":"TEST_STEP","name":"takeScreenshot","message":"Taking screenshot successfully","description":"","startTime":1528705312085,"endTime":1528705312500,"childRecords":[{"testStatus":{"stackTrace":"","statusValue":"PASSED"},"attachment":"C:\\\\Users\\\\cbrown\\\\Katalon Studio\\\\Encashments\\\\Reports\\\\LoadEncashment\\\\20180611_102128\\\\1528705312097.png","type":"MESSAGE","name":"","message":"Taking screenshot successfully","startTime":1528705312499,"endTime":0,"childRecords":[],"interuppted":false}],"interuppted":false},{"index":9,"isIgnoredIfFailed":false,"type":"TEST_STEP","name":"waitForElementVisible","message":"Object \u0027Object Repository/Page_Clientle Unity/a_Get Value\u0027 is visible","description":"","startTime":1528705312500,"endTime":1528705312614,"childRecords":[{"testStatus":{"stackTrace":"","statusValue":"PASSED"},"type":"MESSAGE","name":"","message":"Object \u0027Object Repository/Page_Clientle Unity/a_Get Value\u0027 is visible","startTime":1528705312614,"endTime":0,"childRecords":[],"interuppted":false}],"interuppted":false},{"index":10,"isIgnoredIfFailed":false,"type":"TEST_STEP","name":"click","message":"Object: \u0027Object Repository/Page_Clientle Unity/a_Get Value\u0027 is clicked on","description":"","startTime":1528705312615,"endTime":1528705312714,"childRecords":[{"testStatus":{"stackTrace":"","statusValue":"PASSED"},"type":"MESSAGE","name":"","message":"Object: \u0027Object Repository/Page_Clientle Unity/a_Get Value\u0027 is clicked on","startTime":1528705312713,"endTime":0,"childRecords":[],"interuppted":false}],"interuppted":false},{"attachment":"C:\\\\Users\\\\cbrown\\\\Katalon Studio\\\\Encashments\\\\Reports\\\\LoadEncashment\\\\20180611_102128\\\\1528705312715.png","index":11,"isIgnoredIfFailed":false,"type":"TEST_STEP","name":"takeScreenshot","message":"Taking screenshot successfully","description":"","startTime":1528705312714,"endTime":1528705313073,"childRecords":[{"testStatus":{"stackTrace":"","statusValue":"PASSED"},"attachment":"C:\\\\Users\\\\cbrown\\\\Katalon Studio\\\\Encashments\\\\Reports\\\\LoadEncashment\\\\20180611_102128\\\\1528705312715.png","type":"MESSAGE","name":"","message":"Taking screenshot successfully","startTime":1528705313072,"endTime":0,"childRecords":[],"interuppted":false}],"interuppted":false},{"index":12,"isIgnoredIfFailed":false,"type":"TEST_STEP","name":"Statement - div_ValueRequestErrorMessage \u003d com.kms.katalon.core.testobject.ObjectRepository.findTestObject(Object Repository/Page_Clientle Unity/div_ValueRequestErrorMessage)","message":"Finding Test Object with id \u0027Object Repository/Page_Clientle Unity/div_ValueRequestErrorMessage\u0027","description":"","startTime":1528705313074,"endTime":1528705313078,"childRecords":[],"interuppted":false},{"index":13,"isIgnoredIfFailed":false,"type":"TEST_STEP","name":"waitForElementVisible","message":"Object \u0027Object Repository/Page_Clientle Unity/button_Create Encashment\u0027 is visible","description":"","startTime":1528705313078,"endTime":1528705313662,"childRecords":[{"testStatus":{"stackTrace":"","statusValue":"PASSED"},"type":"MESSAGE","name":"","message":"Object \u0027Object Repository/Page_Clientle Unity/button_Create Encashment\u0027 is visible","startTime":1528705313661,"endTime":0,"childRecords":[],"interuppted":false}],"interuppted":false},{"index":14,"isIgnoredIfFailed":false,"type":"TEST_STEP","name":"click","message":"Object: \u0027Object Repository/Page_Clientle Unity/button_Create Encashment\u0027 is clicked on","description":"","startTime":1528705313662,"endTime":1528705313846,"childRecords":[{"testStatus":{"stackTrace":"","statusValue":"PASSED"},"type":"MESSAGE","name":"","message":"Object: \u0027Object Repository/Page_Clientle Unity/button_Create Encashment\u0027 is clicked on","startTime":1528705313843,"endTime":0,"childRecords":[],"interuppted":false}],"interuppted":false},{"attachment":"C:\\\\Users\\\\cbrown\\\\Katalon Studio\\\\Encashments\\\\Reports\\\\LoadEncashment\\\\20180611_102128\\\\1528705313848.png","index":15,"isIgnoredIfFailed":false,"type":"TEST_STEP","name":"takeScreenshot","message":"Taking screenshot successfully","description":"","startTime":1528705313847,"endTime":1528705314136,"childRecords":[{"testStatus":{"stackTrace":"","statusValue":"PASSED"},"attachment":"C:\\\\Users\\\\cbrown\\\\Katalon Studio\\\\Encashments\\\\Reports\\\\LoadEncashment\\\\20180611_102128\\\\1528705313848.png","type":"MESSAGE","name":"","message":"Taking screenshot successfully","startTime":1528705314135,"endTime":0,"childRecords":[],"interuppted":false}],"interuppted":false},{"index":16,"isIgnoredIfFailed":false,"type":"TEST_STEP","name":"waitForAngularLoad","message":"Angular is ready.","description":"","startTime":1528705314136,"endTime":1528705316758,"childRecords":[{"testStatus":{"stackTrace":"","statusValue":"PASSED"},"type":"MESSAGE","name":"","message":"Angular is ready.","startTime":1528705316757,"endTime":0,"childRecords":[],"interuppted":false}],"interuppted":false},{"index":17,"isIgnoredIfFailed":false,"type":"TEST_STEP","name":"waitForElementVisible","message":"Object \u0027Object Repository/Page_Clientle Unity/label_Pay To\u0027 is visible","description":"","startTime":1528705316758,"endTime":1528705316809,"childRecords":[{"testStatus":{"stackTrace":"","statusValue":"PASSED"},"type":"MESSAGE","name":"","message":"Object \u0027Object Repository/Page_Clientle Unity/label_Pay To\u0027 is visible","startTime":1528705316808,"endTime":0,"childRecords":[],"interuppted":false}],"interuppted":false},{"index":18,"isIgnoredIfFailed":false,"type":"TEST_STEP","name":"click","message":"Object: \u0027Object Repository/Page_Clientle Unity/label_Pay To\u0027 is clicked on","description":"","startTime":1528705316809,"endTime":1528705316931,"childRecords":[{"testStatus":{"stackTrace":"","statusValue":"PASSED"},"type":"MESSAGE","name":"","message":"Object: \u0027Object Repository/Page_Clientle Unity/label_Pay To\u0027 is clicked on","startTime":1528705316930,"endTime":0,"childRecords":[],"interuppted":false}],"interuppted":false},{"index":19,"isIgnoredIfFailed":false,"type":"TEST_STEP","name":"selectOptionByLabel","message":"All options with label \u0027Policy Payer\u0027 are selected in object \u0027Object Repository/Page_Clientle Unity/select_PayTo\u0027 ","description":"","startTime":1528705316932,"endTime":1528705317168,"childRecords":[{"testStatus":{"stackTrace":"","statusValue":"PASSED"},"type":"MESSAGE","name":"","message":"All options with label \u0027Policy Payer\u0027 are selected in object \u0027Object Repository/Page_Clientle Unity/select_PayTo\u0027 ","startTime":1528705317168,"endTime":0,"childRecords":[],"interuppted":false}],"interuppted":false},{"index":20,"isIgnoredIfFailed":false,"type":"TEST_STEP","name":"setText","message":"Text \u0027cbrown@clientele.co.za\u0027 is set on object \u0027Object Repository/Page_Clientle Unity/input_Email\u0027","description":"","startTime":1528705317169,"endTime":1528705317734,"childRecords":[{"testStatus":{"stackTrace":"","statusValue":"PASSED"},"type":"MESSAGE","name":"","message":"Text \u0027cbrown@clientele.co.za\u0027 is set on object \u0027Object Repository/Page_Clientle Unity/input_Email\u0027","startTime":1528705317733,"endTime":0,"childRecords":[],"interuppted":false}],"interuppted":false},{"index":21,"isIgnoredIfFailed":false,"type":"TEST_STEP","name":"setText","message":"Text \u00270815591773\u0027 is set on object \u0027Object Repository/Page_Clientle Unity/input_CellNumber\u0027","description":"","startTime":1528705317735,"endTime":1528705318058,"childRecords":[{"testStatus":{"stackTrace":"","statusValue":"PASSED"},"type":"MESSAGE","name":"","message":"Text \u00270815591773\u0027 is set on object \u0027Object Repository/Page_Clientle Unity/input_CellNumber\u0027","startTime":1528705318058,"endTime":0,"childRecords":[],"interuppted":false}],"interuppted":false},{"index":22,"isIgnoredIfFailed":false,"type":"TEST_STEP","name":"Statement - EncashAvailableAmnt \u003d com.kms.katalon.core.webui.keyword.WebUiBuiltInKeywords.getText(com.kms.katalon.core.testobject.ObjectRepository.findTestObject(Object Repository/Page_Clientle Unity/Page_NewEncashment_OR/label_AvailableAmount))","message":"Text of object \u0027Object Repository/Page_Clientle Unity/Page_NewEncashment_OR/label_AvailableAmount\u0027 is: \u0027Available Amount: R 925.79\u0027","description":"","startTime":1528705318059,"endTime":1528705318145,"childRecords":[{"testStatus":{"stackTrace":"","statusValue":"PASSED"},"type":"MESSAGE","name":"","message":"Text of object \u0027Object Repository/Page_Clientle Unity/Page_NewEncashment_OR/label_AvailableAmount\u0027 is: \u0027Available Amount: R 925.79\u0027","startTime":1528705318144,"endTime":0,"childRecords":[],"interuppted":false}],"interuppted":false},{"index":23,"isIgnoredIfFailed":false,"type":"TEST_STEP","name":"Statement - println(\"--------------------\" + EncashAvailableAmnt + \"--------------------\")","description":"","startTime":1528705318146,"endTime":1528705318150,"childRecords":[],"interuppted":false},{"index":24,"isIgnoredIfFailed":false,"type":"TEST_STEP","name":"Statement - SplitString \u003d EncashAvailableAmnt.split(\" \")","description":"","startTime":1528705318150,"endTime":1528705318154,"childRecords":[],"interuppted":false},{"index":25,"isIgnoredIfFailed":false,"type":"TEST_STEP","name":"Statement - println(SplitString)","description":"","startTime":1528705318154,"endTime":1528705318155,"childRecords":[],"interuppted":false},{"index":26,"isIgnoredIfFailed":false,"type":"TEST_STEP","name":"Statement - last \u003d SplitString[length - 1]","description":"","startTime":1528705318155,"endTime":1528705318163,"childRecords":[],"interuppted":false},{"index":27,"isIgnoredIfFailed":false,"type":"TEST_STEP","name":"Statement - encashValue \u003d com.kms.katalon.core.testdata.TestDataFactory.findTestData(EncashmentPolicies).getValue(\"encashAmount\", row)","message":"Reading excel file with source file \u0027C:\\Users\\cbrown\\Documents\\Automation\\EncashmentDTT.xlsx\u0027 and sheet name \u0027CWBEN\u0027","description":"","startTime":1528705318164,"endTime":1528705318204,"childRecords":[],"interuppted":false},{"index":28,"isIgnoredIfFailed":false,"type":"TEST_STEP","name":"Statement - AvailableEncashmentAmount \u003d last.toString()","description":"","startTime":1528705318204,"endTime":1528705318209,"childRecords":[],"interuppted":false},{"index":29,"isIgnoredIfFailed":false,"type":"TEST_STEP","name":"Statement - encashAmnt \u003d encashValue.toString()","description":"","startTime":1528705318209,"endTime":1528705318210,"childRecords":[],"interuppted":false},{"index":30,"isIgnoredIfFailed":false,"type":"TEST_STEP","name":"Statement - If (last \u003c encashValue)","message":"Text \u0027925.79\u0027 is set on object \u0027Object Repository/Page_Clientle Unity/input_encashAmount\u0027","description":"","startTime":1528705318210,"endTime":1528705318441,"childRecords":[{"index":1,"isIgnoredIfFailed":false,"type":"TEST_STEP","name":"setText","message":"Text \u0027925.79\u0027 is set on object \u0027Object Repository/Page_Clientle Unity/input_encashAmount\u0027","description":"","startTime":1528705318211,"endTime":1528705318441,"childRecords":[{"testStatus":{"stackTrace":"","statusValue":"PASSED"},"type":"MESSAGE","name":"","message":"Text \u0027925.79\u0027 is set on object \u0027Object Repository/Page_Clientle Unity/input_encashAmount\u0027","startTime":1528705318440,"endTime":0,"childRecords":[],"interuppted":false}],"interuppted":false}],"interuppted":false},{"index":32,"isIgnoredIfFailed":false,"type":"TEST_STEP","name":"click","message":"Object: \u0027Object Repository/Page_Clientle Unity/label_Reason\u0027 is clicked on","description":"","startTime":1528705318441,"endTime":1528705318581,"childRecords":[{"testStatus":{"stackTrace":"","statusValue":"PASSED"},"type":"MESSAGE","name":"","message":"Object: \u0027Object Repository/Page_Clientle Unity/label_Reason\u0027 is clicked on","startTime":1528705318581,"endTime":0,"childRecords":[],"interuppted":false}],"interuppted":false},{"index":33,"isIgnoredIfFailed":false,"type":"TEST_STEP","name":"selectOptionByValue","message":"All options with value \u00270\u0027 are selected in object \u0027Object Repository/Page_Clientle Unity/select_Reason\u0027  using regular expression","description":"","startTime":1528705318582,"endTime":1528705318857,"childRecords":[{"testStatus":{"stackTrace":"","statusValue":"PASSED"},"type":"MESSAGE","name":"","message":"All options with value \u00270\u0027 are selected in object \u0027Object Repository/Page_Clientle Unity/select_Reason\u0027  using regular expression","startTime":1528705318856,"endTime":0,"childRecords":[],"interuppted":false}],"interuppted":false},{"index":34,"isIgnoredIfFailed":false,"type":"TEST_STEP","name":"click","message":"Object: \u0027Object Repository/Page_Clientle Unity/button_Save\u0027 is clicked on","description":"","startTime":1528705318857,"endTime":1528705318985,"childRecords":[{"testStatus":{"stackTrace":"","statusValue":"PASSED"},"type":"MESSAGE","name":"","message":"Object: \u0027Object Repository/Page_Clientle Unity/button_Save\u0027 is clicked on","startTime":1528705318984,"endTime":0,"childRecords":[],"interuppted":false}],"interuppted":false},{"index":35,"isIgnoredIfFailed":false,"type":"TEST_STEP","name":"waitForElementPresent","message":"Object \u0027Object Repository/Page_Clientle Unity/h2_Encashment - (New)\u0027 is present","description":"","startTime":1528705318986,"endTime":1528705319033,"childRecords":[{"testStatus":{"stackTrace":"","statusValue":"PASSED"},"type":"MESSAGE","name":"","message":"Object \u0027Object Repository/Page_Clientle Unity/h2_Encashment - (New)\u0027 is present","startTime":1528705319032,"endTime":0,"childRecords":[],"interuppted":false}],"interuppted":false},{"index":36,"isIgnoredIfFailed":false,"type":"TEST_STEP","name":"Statement - NewEncashment \u003d com.kms.katalon.core.webui.keyword.WebUiBuiltInKeywords.getText(com.kms.katalon.core.testobject.ObjectRepository.findTestObject(Object Repository/Page_Clientle Unity/h2_Encashment - (New)))","message":"Text of object \u0027Object Repository/Page_Clientle Unity/h2_Encashment - (New)\u0027 is: \u0027Create Encashment For - 613243763\nEncashment Value Summary\u0027","description":"","startTime":1528705319033,"endTime":1528705319092,"childRecords":[{"testStatus":{"stackTrace":"","statusValue":"PASSED"},"type":"MESSAGE","name":"","message":"Text of object \u0027Object Repository/Page_Clientle Unity/h2_Encashment - (New)\u0027 is: \u0027Create Encashment For - 613243763\nEncashment Value Summary\u0027","startTime":1528705319092,"endTime":0,"childRecords":[],"interuppted":false}],"interuppted":false},{"index":37,"isIgnoredIfFailed":false,"type":"TEST_STEP","name":"Statement - println(\"---------------\" + NewEncashment + \"-------------------\")","description":"","startTime":1528705319093,"endTime":1528705319094,"childRecords":[],"interuppted":false},{"index":38,"isIgnoredIfFailed":false,"type":"TEST_STEP","name":"Statement - SplitEncashNo \u003d NewEncashment.split(\" - \")","description":"","startTime":1528705319094,"endTime":1528705319094,"childRecords":[],"interuppted":false},{"index":39,"isIgnoredIfFailed":false,"type":"TEST_STEP","name":"Statement - println(\"---------------\" + SplitEncashNo + \"-------------------\")","description":"","startTime":1528705319095,"endTime":1528705319096,"childRecords":[],"interuppted":false},{"index":40,"isIgnoredIfFailed":false,"type":"TEST_STEP","name":"Statement - EncashmentNo \u003d SplitEncashNo[length - 1]","description":"","startTime":1528705319097,"endTime":1528705319097,"childRecords":[],"interuppted":false},{"index":41,"isIgnoredIfFailed":false,"type":"TEST_STEP","name":"Statement - println(\"---------------\" + EncashmentNo + \"-------------------\")","description":"","startTime":1528705319098,"endTime":1528705319099,"childRecords":[],"interuppted":false},{"index":42,"isIgnoredIfFailed":false,"type":"TEST_STEP","name":"myPack.WriteExcel.demoKey","message":"myPack.WriteExcel.demoKey is PASSED","description":"","startTime":1528705319099,"endTime":1528705319361,"childRecords":[{"testStatus":{"stackTrace":"","statusValue":"PASSED"},"type":"MESSAGE","name":"","message":"myPack.WriteExcel.demoKey is PASSED","startTime":1528705319360,"endTime":0,"childRecords":[],"interuppted":false}],"interuppted":false},{"attachment":"C:\\\\Users\\\\cbrown\\\\Katalon Studio\\\\Encashments\\\\Reports\\\\LoadEncashment\\\\20180611_102128\\\\1528705319362.png","index":43,"isIgnoredIfFailed":false,"type":"TEST_STEP","name":"takeScreenshot","message":"Taking screenshot successfully","description":"","startTime":1528705319361,"endTime":1528705319648,"childRecords":[{"testStatus":{"stackTrace":"","statusValue":"PASSED"},"attachment":"C:\\\\Users\\\\cbrown\\\\Katalon Studio\\\\Encashments\\\\Reports\\\\LoadEncashment\\\\20180611_102128\\\\1528705319362.png","type":"MESSAGE","name":"","message":"Taking screenshot successfully","startTime":1528705319647,"endTime":0,"childRecords":[],"interuppted":false}],"interuppted":false},{"index":44,"isIgnoredIfFailed":false,"type":"TEST_STEP","name":"waitForPageLoad","message":"Wait for page load successfully","description":"","startTime":1528705319648,"endTime":1528705319658,"childRecords":[{"testStatus":{"stackTrace":"","statusValue":"PASSED"},"type":"MESSAGE","name":"","message":"Wait for page load successfully","startTime":1528705319657,"endTime":0,"childRecords":[],"interuppted":false}],"interuppted":false},{"testStatus":{"stackTrace":"","statusValue":"PASSED"},"type":"MESSAGE","name":"","message":"Test Cases/LoadNewEncashment","startTime":1528705319658,"endTime":0,"childRecords":[],"interuppted":false}],"interuppted":false}],"interuppted":false}