Suite/Test/Step Name,Browser,Description,Start time,End time,Duration,Status
LoadEncashment,Chrome 66.0.3359.181,,2018-06-04 11:50:25,2018-06-04 11:50:36,10.146s,FAILED
,,,,,,
Test Cases/EncashmentLogins/LoginCBrown,Chrome 66.0.3359.181,,2018-06-04 11:50:26,2018-06-04 11:50:33,7.116s,PASSED
openBrowser,Chrome 66.0.3359.181,,2018-06-04 11:50:26,2018-06-04 11:50:30,3.654s,PASSED
navigateToUrl,Chrome 66.0.3359.181,,2018-06-04 11:50:30,2018-06-04 11:50:31,0.733s,PASSED
setText,Chrome 66.0.3359.181,,2018-06-04 11:50:31,2018-06-04 11:50:33,1.936s,PASSED
setText,Chrome 66.0.3359.181,,2018-06-04 11:50:33,2018-06-04 11:50:33,0.260s,PASSED
click,Chrome 66.0.3359.181,,2018-06-04 11:50:33,2018-06-04 11:50:33,0.130s,PASSED
,,,,,,
Test Cases/LoadNewEncashment,Chrome 66.0.3359.181,,2018-06-04 11:50:33,2018-06-04 11:50:34,1.263s,FAILED
Statement - row = 9,Chrome 66.0.3359.181,,2018-06-04 11:50:33,2018-06-04 11:50:33,0.001s,PASSED
navigateToUrl,Chrome 66.0.3359.181,,2018-06-04 11:50:33,2018-06-04 11:50:34,0.051s,PASSED
Statement - button_CloseDrawer = com.kms.katalon.core.testobject.ObjectRepository.findTestObject(Object Repository/Page_Clientle Unity/button__CloseMenuDrawer),Chrome 66.0.3359.181,,2018-06-04 11:50:34,2018-06-04 11:50:34,0.015s,PASSED
click,Chrome 66.0.3359.181,,2018-06-04 11:50:34,2018-06-04 11:50:34,0.208s,PASSED
verifyElementPresent,Chrome 66.0.3359.181,,2018-06-04 11:50:34,2018-06-04 11:50:34,0.113s,PASSED
click,Chrome 66.0.3359.181,,2018-06-04 11:50:34,2018-06-04 11:50:34,0.434s,FAILED
,,,,,,
Test Cases/UploadDocuments,Chrome 66.0.3359.181,,2018-06-04 11:50:34,2018-06-04 11:50:35,0.461s,ERROR
waitForElementVisible,Chrome 66.0.3359.181,,2018-06-04 11:50:35,2018-06-04 11:50:35,0.012s,PASSED
