Suite/Test/Step Name,Browser,Description,Start time,End time,Duration,Status
LoadEncashment,Chrome 66.0.3359.181,,2018-06-04 11:42:00,2018-06-04 11:42:12,11.950s,FAILED
,,,,,,
Test Cases/EncashmentLogins/LoginCBrown,Chrome 66.0.3359.181,,2018-06-04 11:42:01,2018-06-04 11:42:10,9.221s,FAILED
openBrowser,Chrome 66.0.3359.181,,2018-06-04 11:42:01,2018-06-04 11:42:05,3.825s,PASSED
navigateToUrl,Chrome 66.0.3359.181,,2018-06-04 11:42:05,2018-06-04 11:42:06,1.307s,PASSED
setText,Chrome 66.0.3359.181,,2018-06-04 11:42:06,2018-06-04 11:42:10,3.649s,FAILED
,,,,,,
Test Cases/LoadNewEncashment,Chrome 66.0.3359.181,,2018-06-04 11:42:10,2018-06-04 11:42:11,1.072s,FAILED
Statement - row = 9,Chrome 66.0.3359.181,,2018-06-04 11:42:10,2018-06-04 11:42:10,0.002s,PASSED
navigateToUrl,Chrome 66.0.3359.181,,2018-06-04 11:42:10,2018-06-04 11:42:10,0.105s,PASSED
Statement - button_CloseDrawer = com.kms.katalon.core.testobject.ObjectRepository.findTestObject(Object Repository/Page_Clientle Unity/button__CloseMenuDrawer),Chrome 66.0.3359.181,,2018-06-04 11:42:10,2018-06-04 11:42:10,0.011s,PASSED
"Statement - If (com.kms.katalon.core.webui.keyword.WebUiBuiltInKeywords.verifyElementPresent(com.kms.katalon.core.testobject.ObjectRepository.findTestObject(Object Repository/Page_Clientle Unity/button__CloseMenuDrawer), TimeOut))",Chrome 66.0.3359.181,,2018-06-04 11:42:10,2018-06-04 11:42:11,0.546s,PASSED
,,,,,,
Test Cases/UploadDocuments,Chrome 66.0.3359.181,,2018-06-04 11:42:11,2018-06-04 11:42:11,0.422s,ERROR
waitForElementVisible,Chrome 66.0.3359.181,,2018-06-04 11:42:11,2018-06-04 11:42:11,0.013s,PASSED
