Suite/Test/Step Name,Browser,Description,Start time,End time,Duration,Status
LoadEncashment,,,2018-06-04 11:05:26,2018-06-04 11:05:28,2.178s,FAILED
,,,,,,
Test Cases/LoadNewEncashment,,,2018-06-04 11:05:26,2018-06-04 11:05:27,1.049s,FAILED
Statement - row = 7,,,2018-06-04 11:05:27,2018-06-04 11:05:27,0.002s,PASSED
navigateToUrl,,,2018-06-04 11:05:27,2018-06-04 11:05:27,0.455s,FAILED
,,,,,,
Test Cases/UploadDocuments,,,2018-06-04 11:05:27,2018-06-04 11:05:28,0.608s,ERROR
waitForElementVisible,,,2018-06-04 11:05:28,2018-06-04 11:05:28,0.029s,PASSED
