Suite/Test/Step Name,Browser,Description,Start time,End time,Duration,Status
LoadEncashment,Chrome 66.0.3359.181,,2018-06-04 11:58:20,2018-06-04 11:58:32,11.518s,FAILED
,,,,,,
Test Cases/EncashmentLogins/LoginCBrown,Chrome 66.0.3359.181,,2018-06-04 11:58:21,2018-06-04 11:58:29,8.539s,PASSED
openBrowser,Chrome 66.0.3359.181,,2018-06-04 11:58:21,2018-06-04 11:58:25,3.635s,PASSED
navigateToUrl,Chrome 66.0.3359.181,,2018-06-04 11:58:25,2018-06-04 11:58:26,1.157s,PASSED
setText,Chrome 66.0.3359.181,,2018-06-04 11:58:26,2018-06-04 11:58:29,2.925s,PASSED
setText,Chrome 66.0.3359.181,,2018-06-04 11:58:29,2018-06-04 11:58:29,0.287s,PASSED
click,Chrome 66.0.3359.181,,2018-06-04 11:58:29,2018-06-04 11:58:29,0.126s,PASSED
,,,,,,
Test Cases/LoadNewEncashment,Chrome 66.0.3359.181,,2018-06-04 11:58:29,2018-06-04 11:58:31,1.205s,FAILED
Statement - row = 11,Chrome 66.0.3359.181,,2018-06-04 11:58:30,2018-06-04 11:58:30,0.001s,PASSED
navigateToUrl,Chrome 66.0.3359.181,,2018-06-04 11:58:30,2018-06-04 11:58:30,0.079s,PASSED
waitForPageLoad,Chrome 66.0.3359.181,,2018-06-04 11:58:30,2018-06-04 11:58:30,0.108s,PASSED
Statement - button_CloseDrawer = com.kms.katalon.core.testobject.ObjectRepository.findTestObject(Page_Clientle Unity/button__CloseMenuDrawer),Chrome 66.0.3359.181,,2018-06-04 11:58:30,2018-06-04 11:58:30,0.006s,PASSED
click,Chrome 66.0.3359.181,,2018-06-04 11:58:30,2018-06-04 11:58:30,0.138s,PASSED
verifyElementPresent,Chrome 66.0.3359.181,,2018-06-04 11:58:30,2018-06-04 11:58:30,0.054s,PASSED
click,Chrome 66.0.3359.181,,2018-06-04 11:58:30,2018-06-04 11:58:31,0.436s,FAILED
,,,,,,
Test Cases/UploadDocuments,Chrome 66.0.3359.181,,2018-06-04 11:58:31,2018-06-04 11:58:31,0.426s,ERROR
waitForElementVisible,Chrome 66.0.3359.181,,2018-06-04 11:58:31,2018-06-04 11:58:31,0.009s,PASSED
