Suite/Test/Step Name,Browser,Description,Start time,End time,Duration,Status
LoadEncashment,Chrome 66.0.3359.181,,2018-06-04 11:14:32,2018-06-04 11:14:45,12.962s,FAILED
,,,,,,
Test Cases/EncashmentLogins/LoginCBrown,Chrome 66.0.3359.181,,2018-06-04 11:14:32,2018-06-04 11:14:42,9.917s,PASSED
openBrowser,Chrome 66.0.3359.181,,2018-06-04 11:14:33,2018-06-04 11:14:37,3.944s,PASSED
navigateToUrl,Chrome 66.0.3359.181,,2018-06-04 11:14:37,2018-06-04 11:14:38,1.369s,PASSED
Statement - myTestObject = new com.kms.katalon.core.testobject.TestObject(HelloWorld),Chrome 66.0.3359.181,,2018-06-04 11:14:38,2018-06-04 11:14:38,0.005s,PASSED
Statement - properties = new java.util.ArrayList(),Chrome 66.0.3359.181,,2018-06-04 11:14:38,2018-06-04 11:14:38,0.001s,PASSED
"Statement - properties.add(new com.kms.katalon.core.testobject.TestObjectProperty(ng-model, com.kms.katalon.core.testobject.ConditionType.EQUALS, username))",Chrome 66.0.3359.181,,2018-06-04 11:14:38,2018-06-04 11:14:38,0.012s,PASSED
"Statement - properties.add(new com.kms.katalon.core.testobject.TestObjectProperty(tag, com.kms.katalon.core.testobject.ConditionType.EQUALS, input))",Chrome 66.0.3359.181,,2018-06-04 11:14:38,2018-06-04 11:14:38,0.006s,PASSED
Statement - myTestObject.setProperties(properties),Chrome 66.0.3359.181,,2018-06-04 11:14:38,2018-06-04 11:14:38,0.005s,PASSED
setText,Chrome 66.0.3359.181,,2018-06-04 11:14:38,2018-06-04 11:14:42,3.591s,PASSED
Statement - activeProperties = myTestObject.getProperties(),Chrome 66.0.3359.181,,2018-06-04 11:14:42,2018-06-04 11:14:42,0.001s,PASSED
Statement - For (def prop : activeProperties),Chrome 66.0.3359.181,,2018-06-04 11:14:42,2018-06-04 11:14:42,0.004s,PASSED
setText,Chrome 66.0.3359.181,,2018-06-04 11:14:42,2018-06-04 11:14:42,0.142s,PASSED
setText,Chrome 66.0.3359.181,,2018-06-04 11:14:42,2018-06-04 11:14:42,0.228s,PASSED
click,Chrome 66.0.3359.181,,2018-06-04 11:14:42,2018-06-04 11:14:42,0.162s,PASSED
,,,,,,
Test Cases/LoadNewEncashment,Chrome 66.0.3359.181,,2018-06-04 11:14:42,2018-06-04 11:14:43,1.086s,FAILED
Statement - row = 7,Chrome 66.0.3359.181,,2018-06-04 11:14:43,2018-06-04 11:14:43,0.004s,PASSED
navigateToUrl,Chrome 66.0.3359.181,,2018-06-04 11:14:43,2018-06-04 11:14:43,0.077s,PASSED
verifyElementPresent,Chrome 66.0.3359.181,,2018-06-04 11:14:43,2018-06-04 11:14:43,0.149s,PASSED
click,Chrome 66.0.3359.181,,2018-06-04 11:14:43,2018-06-04 11:14:43,0.462s,FAILED
,,,,,,
Test Cases/UploadDocuments,Chrome 66.0.3359.181,,2018-06-04 11:14:43,2018-06-04 11:14:44,0.503s,ERROR
waitForElementVisible,Chrome 66.0.3359.181,,2018-06-04 11:14:44,2018-06-04 11:14:44,0.007s,PASSED
