{"devicePlatform":"","logFolder":"C:\\Users\\cbrown\\Katalon Studio\\Encashments\\Reports\\LoadEncashment\\20180604_111430","runData":{"hostName":"CBrown - Bss-L-Cbrown.clientele.local","os":"Windows 7 64bit","katalonVersion":"5.4.2.1","browser":"Chrome 66.0.3359.181","hostAddress":"10.32.88.37","sessionId":"d980dba65931507965ffe44d1693cbf0","seleniumVersion":"3.7.1","proxyInformation":"ProxyInformation{proxyOption\u003dNO_PROXY, proxyServerType\u003dHTTP, password\u003d, proxyServerAddress\u003d, proxyServerPort\u003d0}","platform":"Windows 7"},"type":"TEST_SUITE","name":"LoadEncashment","id":"Test Suites/LoadEncashment","source":"","message":"Test Cases/LoadNewEncashment FAILED because (of) Unable to click on object \u0027Object Repository/Page_Clientle Unity/label_Search\u0027 (Root cause: org.openqa.selenium.WebDriverException: unknown error: Element \u003clabel for\u003d\"stdPolicy...SearchText\" class\u003d\"col-md-5 control-label\"\u003eSearch\u003c/label\u003e is not clickable at point (147, 326). Other element would receive the click: \u003cdiv class\u003d\"btn-link btn-default ng-binding\" ng-click\u003d\"ChangeUrl(application);\"\u003e...\u003c/div\u003e\n  (Session info: chrome\u003d66.0.3359.181)\n  (Driver info: chromedriver\u003d2.35.528161 (5b82f2d2aae0ca24b877009200ced9065a772e73),platform\u003dWindows NT 6.1.7601 SP1 x86_64) (WARNING: The server did not provide any stacktrace information)\nCommand duration or timeout: 0 milliseconds\nBuild info: version: \u00273.7.1\u0027, revision: \u00278a0099a\u0027, time: \u00272017-11-06T21:07:36.161Z\u0027\nSystem info: host: \u0027BSS-L-CBROWN\u0027, ip: \u002710.32.88.37\u0027, os.name: \u0027Windows 7\u0027, os.arch: \u0027amd64\u0027, os.version: \u00276.1\u0027, java.version: \u00271.8.0_102\u0027\nDriver info: com.kms.katalon.selenium.driver.CChromeDriver\nCapabilities {acceptInsecureCerts: false, acceptSslCerts: false, applicationCacheEnabled: false, browserConnectionEnabled: false, browserName: chrome, chrome: {chromedriverVersion: 2.35.528161 (5b82f2d2aae0ca..., userDataDir: C:\\Users\\cbrown\\AppData\\Loc...}, cssSelectorsEnabled: true, databaseEnabled: false, handlesAlerts: true, hasTouchScreen: false, javascriptEnabled: true, locationContextEnabled: true, mobileEmulationEnabled: false, nativeEvents: true, networkConnectionEnabled: false, pageLoadStrategy: normal, platform: XP, platformName: XP, rotatable: false, setWindowRect: true, takesHeapSnapshot: true, takesScreenshot: true, unexpectedAlertBehaviour: , unhandledPromptBehavior: , version: 66.0.3359.181, webStorageEnabled: true}\nSession ID: d980dba65931507965ffe44d1693cbf0)","description":"","startTime":1528103672413,"endTime":1528103685375,"childRecords":[{"isOptional":false,"type":"TEST_CASE","name":"Test Cases/EncashmentLogins/LoginCBrown","id":"Test Cases/EncashmentLogins/LoginCBrown","source":"C:\\\\Users\\\\cbrown\\\\Katalon Studio\\\\Encashments\\\\Test Cases\\\\EncashmentLogins\\\\LoginCBrown.tc","message":"Test Cases/EncashmentLogins/LoginCBrown","description":"","startTime":1528103672839,"endTime":1528103682756,"childRecords":[{"testStatus":{"stackTrace":"","statusValue":"INFO"},"type":"MESSAGE","name":"","message":"Evaluating variables for test case","startTime":1528103672871,"endTime":0,"childRecords":[],"interuppted":false},{"index":1,"isIgnoredIfFailed":false,"type":"TEST_STEP","name":"openBrowser","message":"Browser is opened with url: \u0027\u0027","description":"","startTime":1528103673273,"endTime":1528103677217,"childRecords":[{"testStatus":{"stackTrace":"","statusValue":"PASSED"},"type":"MESSAGE","name":"","message":"Browser is opened with url: \u0027\u0027","startTime":1528103677215,"endTime":0,"childRecords":[],"interuppted":false}],"interuppted":false},{"index":2,"isIgnoredIfFailed":false,"type":"TEST_STEP","name":"navigateToUrl","message":"Navigate to \u0027http://unitytest.clientele.local/#/\u0027 successfully","description":"","startTime":1528103677217,"endTime":1528103678586,"childRecords":[{"testStatus":{"stackTrace":"","statusValue":"PASSED"},"type":"MESSAGE","name":"","message":"Navigate to \u0027http://unitytest.clientele.local/#/\u0027 successfully","startTime":1528103678586,"endTime":0,"childRecords":[],"interuppted":false}],"interuppted":false},{"index":3,"isIgnoredIfFailed":false,"type":"TEST_STEP","name":"Statement - myTestObject \u003d new com.kms.katalon.core.testobject.TestObject(HelloWorld)","description":"","startTime":1528103678587,"endTime":1528103678592,"childRecords":[],"interuppted":false},{"index":4,"isIgnoredIfFailed":false,"type":"TEST_STEP","name":"Statement - properties \u003d new java.util.ArrayList()","description":"","startTime":1528103678593,"endTime":1528103678594,"childRecords":[],"interuppted":false},{"index":5,"isIgnoredIfFailed":false,"type":"TEST_STEP","name":"Statement - properties.add(new com.kms.katalon.core.testobject.TestObjectProperty(ng-model, com.kms.katalon.core.testobject.ConditionType.EQUALS, username))","description":"","startTime":1528103678595,"endTime":1528103678607,"childRecords":[],"interuppted":false},{"index":6,"isIgnoredIfFailed":false,"type":"TEST_STEP","name":"Statement - properties.add(new com.kms.katalon.core.testobject.TestObjectProperty(tag, com.kms.katalon.core.testobject.ConditionType.EQUALS, input))","description":"","startTime":1528103678608,"endTime":1528103678614,"childRecords":[],"interuppted":false},{"index":7,"isIgnoredIfFailed":false,"type":"TEST_STEP","name":"Statement - myTestObject.setProperties(properties)","description":"","startTime":1528103678617,"endTime":1528103678622,"childRecords":[],"interuppted":false},{"index":8,"isIgnoredIfFailed":false,"type":"TEST_STEP","name":"setText","message":"Text \u0027TESTing\u0027 is set on object \u0027HelloWorld\u0027","description":"","startTime":1528103678622,"endTime":1528103682213,"childRecords":[{"testStatus":{"stackTrace":"","statusValue":"PASSED"},"type":"MESSAGE","name":"","message":"Text \u0027TESTing\u0027 is set on object \u0027HelloWorld\u0027","startTime":1528103682212,"endTime":0,"childRecords":[],"interuppted":false}],"interuppted":false},{"index":9,"isIgnoredIfFailed":false,"type":"TEST_STEP","name":"Statement - activeProperties \u003d myTestObject.getProperties()","description":"","startTime":1528103682214,"endTime":1528103682215,"childRecords":[],"interuppted":false},{"index":10,"isIgnoredIfFailed":false,"type":"TEST_STEP","name":"Statement - For (def prop : activeProperties)","description":"","startTime":1528103682216,"endTime":1528103682220,"childRecords":[{"index":1,"isIgnoredIfFailed":false,"type":"TEST_STEP","name":"Statement - name","description":"","startTime":1528103682218,"endTime":1528103682219,"childRecords":[],"interuppted":false},{"index":1,"isIgnoredIfFailed":false,"type":"TEST_STEP","name":"Statement - name","description":"","startTime":1528103682219,"endTime":1528103682220,"childRecords":[],"interuppted":false}],"interuppted":false},{"index":11,"isIgnoredIfFailed":false,"type":"TEST_STEP","name":"setText","message":"Text \u0027Cbrown\u0027 is set on object \u0027HelloWorld\u0027","description":"","startTime":1528103682221,"endTime":1528103682363,"childRecords":[{"testStatus":{"stackTrace":"","statusValue":"PASSED"},"type":"MESSAGE","name":"","message":"Text \u0027Cbrown\u0027 is set on object \u0027HelloWorld\u0027","startTime":1528103682362,"endTime":0,"childRecords":[],"interuppted":false}],"interuppted":false},{"index":12,"isIgnoredIfFailed":false,"type":"TEST_STEP","name":"setText","message":"Text \u0027MyMayPwrd!2018\u0027 is set on object \u0027Object Repository/page_UnityLogin_OR/input_password\u0027","description":"","startTime":1528103682364,"endTime":1528103682592,"childRecords":[{"testStatus":{"stackTrace":"","statusValue":"PASSED"},"type":"MESSAGE","name":"","message":"Text \u0027MyMayPwrd!2018\u0027 is set on object \u0027Object Repository/page_UnityLogin_OR/input_password\u0027","startTime":1528103682591,"endTime":0,"childRecords":[],"interuppted":false}],"interuppted":false},{"index":13,"isIgnoredIfFailed":false,"type":"TEST_STEP","name":"click","message":"Object: \u0027Object Repository/page_UnityLogin_OR/button_Log in\u0027 is clicked on","description":"","startTime":1528103682593,"endTime":1528103682755,"childRecords":[{"testStatus":{"stackTrace":"","statusValue":"PASSED"},"type":"MESSAGE","name":"","message":"Object: \u0027Object Repository/page_UnityLogin_OR/button_Log in\u0027 is clicked on","startTime":1528103682754,"endTime":0,"childRecords":[],"interuppted":false}],"interuppted":false},{"testStatus":{"stackTrace":"","statusValue":"PASSED"},"type":"MESSAGE","name":"","message":"Test Cases/EncashmentLogins/LoginCBrown","startTime":1528103682756,"endTime":0,"childRecords":[],"interuppted":false}],"interuppted":false},{"isOptional":false,"type":"TEST_CASE","name":"Test Cases/LoadNewEncashment","id":"Test Cases/LoadNewEncashment","source":"C:\\\\Users\\\\cbrown\\\\Katalon Studio\\\\Encashments\\\\Test Cases\\\\LoadNewEncashment.tc","message":"Test Cases/LoadNewEncashment FAILED because (of) Unable to click on object \u0027Object Repository/Page_Clientle Unity/label_Search\u0027 (Root cause: org.openqa.selenium.WebDriverException: unknown error: Element \u003clabel for\u003d\"stdPolicy...SearchText\" class\u003d\"col-md-5 control-label\"\u003eSearch\u003c/label\u003e is not clickable at point (147, 326). Other element would receive the click: \u003cdiv class\u003d\"btn-link btn-default ng-binding\" ng-click\u003d\"ChangeUrl(application);\"\u003e...\u003c/div\u003e\n  (Session info: chrome\u003d66.0.3359.181)\n  (Driver info: chromedriver\u003d2.35.528161 (5b82f2d2aae0ca24b877009200ced9065a772e73),platform\u003dWindows NT 6.1.7601 SP1 x86_64) (WARNING: The server did not provide any stacktrace information)\nCommand duration or timeout: 0 milliseconds\nBuild info: version: \u00273.7.1\u0027, revision: \u00278a0099a\u0027, time: \u00272017-11-06T21:07:36.161Z\u0027\nSystem info: host: \u0027BSS-L-CBROWN\u0027, ip: \u002710.32.88.37\u0027, os.name: \u0027Windows 7\u0027, os.arch: \u0027amd64\u0027, os.version: \u00276.1\u0027, java.version: \u00271.8.0_102\u0027\nDriver info: com.kms.katalon.selenium.driver.CChromeDriver\nCapabilities {acceptInsecureCerts: false, acceptSslCerts: false, applicationCacheEnabled: false, browserConnectionEnabled: false, browserName: chrome, chrome: {chromedriverVersion: 2.35.528161 (5b82f2d2aae0ca..., userDataDir: C:\\Users\\cbrown\\AppData\\Loc...}, cssSelectorsEnabled: true, databaseEnabled: false, handlesAlerts: true, hasTouchScreen: false, javascriptEnabled: true, locationContextEnabled: true, mobileEmulationEnabled: false, nativeEvents: true, networkConnectionEnabled: false, pageLoadStrategy: normal, platform: XP, platformName: XP, rotatable: false, setWindowRect: true, takesHeapSnapshot: true, takesScreenshot: true, unexpectedAlertBehaviour: , unhandledPromptBehavior: , version: 66.0.3359.181, webStorageEnabled: true}\nSession ID: d980dba65931507965ffe44d1693cbf0)","description":"","startTime":1528103682763,"endTime":1528103683849,"childRecords":[{"testStatus":{"stackTrace":"","statusValue":"INFO"},"type":"MESSAGE","name":"","message":"Evaluating variables for test case","startTime":1528103682791,"endTime":0,"childRecords":[],"interuppted":false},{"index":1,"isIgnoredIfFailed":false,"type":"TEST_STEP","name":"Statement - row \u003d 7","description":"","startTime":1528103683150,"endTime":1528103683154,"childRecords":[],"interuppted":false},{"index":2,"isIgnoredIfFailed":false,"type":"TEST_STEP","name":"navigateToUrl","message":"Navigate to \u0027http://unitytest.clientele.local/#/Encashments/\u0027 successfully","description":"","startTime":1528103683156,"endTime":1528103683233,"childRecords":[{"testStatus":{"stackTrace":"","statusValue":"PASSED"},"type":"MESSAGE","name":"","message":"Navigate to \u0027http://unitytest.clientele.local/#/Encashments/\u0027 successfully","startTime":1528103683232,"endTime":0,"childRecords":[],"interuppted":false}],"interuppted":false},{"index":3,"isIgnoredIfFailed":false,"type":"TEST_STEP","name":"verifyElementPresent","message":"Object \u0027Object Repository/Page_Clientle Unity/h1_Clientle Encashments Search\u0027 is present","description":"","startTime":1528103683233,"endTime":1528103683382,"childRecords":[{"testStatus":{"stackTrace":"","statusValue":"PASSED"},"type":"MESSAGE","name":"","message":"Object \u0027Object Repository/Page_Clientle Unity/h1_Clientle Encashments Search\u0027 is present","startTime":1528103683381,"endTime":0,"childRecords":[],"interuppted":false}],"interuppted":false},{"attachment":"1528103683528.png","index":4,"isIgnoredIfFailed":false,"type":"TEST_STEP","name":"click","message":"Unable to click on object \u0027Object Repository/Page_Clientle Unity/label_Search\u0027 (Root cause: org.openqa.selenium.WebDriverException: unknown error: Element \u003clabel for\u003d\"stdPolicy...SearchText\" class\u003d\"col-md-5 control-label\"\u003eSearch\u003c/label\u003e is not clickable at point (147, 326). Other element would receive the click: \u003cdiv class\u003d\"btn-link btn-default ng-binding\" ng-click\u003d\"ChangeUrl(application);\"\u003e...\u003c/div\u003e\n  (Session info: chrome\u003d66.0.3359.181)\n  (Driver info: chromedriver\u003d2.35.528161 (5b82f2d2aae0ca24b877009200ced9065a772e73),platform\u003dWindows NT 6.1.7601 SP1 x86_64) (WARNING: The server did not provide any stacktrace information)\nCommand duration or timeout: 0 milliseconds\nBuild info: version: \u00273.7.1\u0027, revision: \u00278a0099a\u0027, time: \u00272017-11-06T21:07:36.161Z\u0027\nSystem info: host: \u0027BSS-L-CBROWN\u0027, ip: \u002710.32.88.37\u0027, os.name: \u0027Windows 7\u0027, os.arch: \u0027amd64\u0027, os.version: \u00276.1\u0027, java.version: \u00271.8.0_102\u0027\nDriver info: com.kms.katalon.selenium.driver.CChromeDriver\nCapabilities {acceptInsecureCerts: false, acceptSslCerts: false, applicationCacheEnabled: false, browserConnectionEnabled: false, browserName: chrome, chrome: {chromedriverVersion: 2.35.528161 (5b82f2d2aae0ca..., userDataDir: C:\\Users\\cbrown\\AppData\\Loc...}, cssSelectorsEnabled: true, databaseEnabled: false, handlesAlerts: true, hasTouchScreen: false, javascriptEnabled: true, locationContextEnabled: true, mobileEmulationEnabled: false, nativeEvents: true, networkConnectionEnabled: false, pageLoadStrategy: normal, platform: XP, platformName: XP, rotatable: false, setWindowRect: true, takesHeapSnapshot: true, takesScreenshot: true, unexpectedAlertBehaviour: , unhandledPromptBehavior: , version: 66.0.3359.181, webStorageEnabled: true}\nSession ID: d980dba65931507965ffe44d1693cbf0)","description":"","startTime":1528103683383,"endTime":1528103683845,"childRecords":[{"testStatus":{"stackTrace":"","statusValue":"FAILED"},"attachment":"1528103683528.png","type":"MESSAGE","name":"","message":"Unable to click on object \u0027Object Repository/Page_Clientle Unity/label_Search\u0027 (Root cause: org.openqa.selenium.WebDriverException: unknown error: Element \u003clabel for\u003d\"stdPolicy...SearchText\" class\u003d\"col-md-5 control-label\"\u003eSearch\u003c/label\u003e is not clickable at point (147, 326). Other element would receive the click: \u003cdiv class\u003d\"btn-link btn-default ng-binding\" ng-click\u003d\"ChangeUrl(application);\"\u003e...\u003c/div\u003e\n  (Session info: chrome\u003d66.0.3359.181)\n  (Driver info: chromedriver\u003d2.35.528161 (5b82f2d2aae0ca24b877009200ced9065a772e73),platform\u003dWindows NT 6.1.7601 SP1 x86_64) (WARNING: The server did not provide any stacktrace information)\nCommand duration or timeout: 0 milliseconds\nBuild info: version: \u00273.7.1\u0027, revision: \u00278a0099a\u0027, time: \u00272017-11-06T21:07:36.161Z\u0027\nSystem info: host: \u0027BSS-L-CBROWN\u0027, ip: \u002710.32.88.37\u0027, os.name: \u0027Windows 7\u0027, os.arch: \u0027amd64\u0027, os.version: \u00276.1\u0027, java.version: \u00271.8.0_102\u0027\nDriver info: com.kms.katalon.selenium.driver.CChromeDriver\nCapabilities {acceptInsecureCerts: false, acceptSslCerts: false, applicationCacheEnabled: false, browserConnectionEnabled: false, browserName: chrome, chrome: {chromedriverVersion: 2.35.528161 (5b82f2d2aae0ca..., userDataDir: C:\\Users\\cbrown\\AppData\\Loc...}, cssSelectorsEnabled: true, databaseEnabled: false, handlesAlerts: true, hasTouchScreen: false, javascriptEnabled: true, locationContextEnabled: true, mobileEmulationEnabled: false, nativeEvents: true, networkConnectionEnabled: false, pageLoadStrategy: normal, platform: XP, platformName: XP, rotatable: false, setWindowRect: true, takesHeapSnapshot: true, takesScreenshot: true, unexpectedAlertBehaviour: , unhandledPromptBehavior: , version: 66.0.3359.181, webStorageEnabled: true}\nSession ID: d980dba65931507965ffe44d1693cbf0)","startTime":1528103683843,"endTime":0,"childRecords":[],"interuppted":false}],"interuppted":false},{"testStatus":{"stackTrace":"","statusValue":"FAILED"},"type":"MESSAGE","name":"","message":"Test Cases/LoadNewEncashment FAILED because (of) Unable to click on object \u0027Object Repository/Page_Clientle Unity/label_Search\u0027 (Root cause: org.openqa.selenium.WebDriverException: unknown error: Element \u003clabel for\u003d\"stdPolicy...SearchText\" class\u003d\"col-md-5 control-label\"\u003eSearch\u003c/label\u003e is not clickable at point (147, 326). Other element would receive the click: \u003cdiv class\u003d\"btn-link btn-default ng-binding\" ng-click\u003d\"ChangeUrl(application);\"\u003e...\u003c/div\u003e\n  (Session info: chrome\u003d66.0.3359.181)\n  (Driver info: chromedriver\u003d2.35.528161 (5b82f2d2aae0ca24b877009200ced9065a772e73),platform\u003dWindows NT 6.1.7601 SP1 x86_64) (WARNING: The server did not provide any stacktrace information)\nCommand duration or timeout: 0 milliseconds\nBuild info: version: \u00273.7.1\u0027, revision: \u00278a0099a\u0027, time: \u00272017-11-06T21:07:36.161Z\u0027\nSystem info: host: \u0027BSS-L-CBROWN\u0027, ip: \u002710.32.88.37\u0027, os.name: \u0027Windows 7\u0027, os.arch: \u0027amd64\u0027, os.version: \u00276.1\u0027, java.version: \u00271.8.0_102\u0027\nDriver info: com.kms.katalon.selenium.driver.CChromeDriver\nCapabilities {acceptInsecureCerts: false, acceptSslCerts: false, applicationCacheEnabled: false, browserConnectionEnabled: false, browserName: chrome, chrome: {chromedriverVersion: 2.35.528161 (5b82f2d2aae0ca..., userDataDir: C:\\Users\\cbrown\\AppData\\Loc...}, cssSelectorsEnabled: true, databaseEnabled: false, handlesAlerts: true, hasTouchScreen: false, javascriptEnabled: true, locationContextEnabled: true, mobileEmulationEnabled: false, nativeEvents: true, networkConnectionEnabled: false, pageLoadStrategy: normal, platform: XP, platformName: XP, rotatable: false, setWindowRect: true, takesHeapSnapshot: true, takesScreenshot: true, unexpectedAlertBehaviour: , unhandledPromptBehavior: , version: 66.0.3359.181, webStorageEnabled: true}\nSession ID: d980dba65931507965ffe44d1693cbf0)","startTime":1528103683846,"endTime":0,"childRecords":[],"interuppted":false}],"interuppted":false},{"isOptional":false,"type":"TEST_CASE","name":"Test Cases/UploadDocuments","id":"Test Cases/UploadDocuments","source":"C:\\\\Users\\\\cbrown\\\\Katalon Studio\\\\Encashments\\\\Test Cases\\\\UploadDocuments.tc","message":"Test Cases/UploadDocuments FAILED because (of) groovy.lang.MissingMethodException: No signature of method: static com.kms.katalon.core.webui.keyword.WebUiBuiltInKeywords.waitForElementVisible() is applicable for argument types: (com.kms.katalon.core.testobject.TestObject) values: [TestObject - \u0027Object Repository/Page_Clientle Unity/Page_EncashmentsRequiredDocs_OR/a_Required Documents\u0027]\nPossible solutions: waitForElementVisible(com.kms.katalon.core.testobject.TestObject, int), waitForElementVisible(com.kms.katalon.core.testobject.TestObject, int, com.kms.katalon.core.model.FailureHandling), waitForElementNotVisible(com.kms.katalon.core.testobject.TestObject, int), waitForElementNotVisible(com.kms.katalon.core.testobject.TestObject, int, com.kms.katalon.core.model.FailureHandling)","description":"","startTime":1528103683853,"endTime":1528103684356,"childRecords":[{"testStatus":{"stackTrace":"","statusValue":"INFO"},"type":"MESSAGE","name":"","message":"Evaluating variables for test case","startTime":1528103683871,"endTime":0,"childRecords":[],"interuppted":false},{"index":1,"isIgnoredIfFailed":false,"type":"TEST_STEP","name":"waitForElementVisible","message":"Finding Test Object with id \u0027Object Repository/Page_Clientle Unity/Page_EncashmentsRequiredDocs_OR/a_Required Documents\u0027","description":"","startTime":1528103684124,"endTime":1528103684131,"childRecords":[],"interuppted":false},{"testStatus":{"stackTrace":"","statusValue":"ERROR"},"type":"MESSAGE","name":"","message":"Test Cases/UploadDocuments FAILED because (of) groovy.lang.MissingMethodException: No signature of method: static com.kms.katalon.core.webui.keyword.WebUiBuiltInKeywords.waitForElementVisible() is applicable for argument types: (com.kms.katalon.core.testobject.TestObject) values: [TestObject - \u0027Object Repository/Page_Clientle Unity/Page_EncashmentsRequiredDocs_OR/a_Required Documents\u0027]\nPossible solutions: waitForElementVisible(com.kms.katalon.core.testobject.TestObject, int), waitForElementVisible(com.kms.katalon.core.testobject.TestObject, int, com.kms.katalon.core.model.FailureHandling), waitForElementNotVisible(com.kms.katalon.core.testobject.TestObject, int), waitForElementNotVisible(com.kms.katalon.core.testobject.TestObject, int, com.kms.katalon.core.model.FailureHandling)","startTime":1528103684233,"endTime":0,"childRecords":[],"interuppted":false}],"interuppted":false}],"interuppted":false}