Suite/Test/Step Name,Browser,Description,Start time,End time,Duration,Status
LoadEncashment,Chrome 66.0.3359.181,,2018-06-04 11:25:07,2018-06-04 11:25:21,14.079s,ERROR
,,,,,,
Test Cases/EncashmentLogins/LoginCBrown,Chrome 66.0.3359.181,,2018-06-04 11:25:07,2018-06-04 11:25:19,11.678s,PASSED
openBrowser,Chrome 66.0.3359.181,,2018-06-04 11:25:07,2018-06-04 11:25:11,3.542s,PASSED
navigateToUrl,Chrome 66.0.3359.181,,2018-06-04 11:25:11,2018-06-04 11:25:12,1.179s,PASSED
Statement - myTestObject = new com.kms.katalon.core.testobject.TestObject(HelloWorld),Chrome 66.0.3359.181,,2018-06-04 11:25:12,2018-06-04 11:25:12,0.009s,PASSED
Statement - properties = new java.util.ArrayList(),Chrome 66.0.3359.181,,2018-06-04 11:25:12,2018-06-04 11:25:12,0.005s,PASSED
"Statement - properties.add(new com.kms.katalon.core.testobject.TestObjectProperty(ng-model, com.kms.katalon.core.testobject.ConditionType.EQUALS, username))",Chrome 66.0.3359.181,,2018-06-04 11:25:12,2018-06-04 11:25:12,0.017s,PASSED
"Statement - properties.add(new com.kms.katalon.core.testobject.TestObjectProperty(tag, com.kms.katalon.core.testobject.ConditionType.EQUALS, input))",Chrome 66.0.3359.181,,2018-06-04 11:25:12,2018-06-04 11:25:12,0.001s,PASSED
Statement - myTestObject.setProperties(properties),Chrome 66.0.3359.181,,2018-06-04 11:25:12,2018-06-04 11:25:12,0.003s,PASSED
setText,Chrome 66.0.3359.181,,2018-06-04 11:25:12,2018-06-04 11:25:18,6.003s,PASSED
Statement - activeProperties = myTestObject.getProperties(),Chrome 66.0.3359.181,,2018-06-04 11:25:18,2018-06-04 11:25:18,0.002s,PASSED
Statement - For (def prop : activeProperties),Chrome 66.0.3359.181,,2018-06-04 11:25:18,2018-06-04 11:25:18,0.006s,PASSED
setText,Chrome 66.0.3359.181,,2018-06-04 11:25:18,2018-06-04 11:25:18,0.139s,PASSED
setText,Chrome 66.0.3359.181,,2018-06-04 11:25:18,2018-06-04 11:25:19,0.223s,PASSED
click,Chrome 66.0.3359.181,,2018-06-04 11:25:19,2018-06-04 11:25:19,0.119s,PASSED
,,,,,,
Test Cases/LoadNewEncashment,Chrome 66.0.3359.181,,2018-06-04 11:25:19,2018-06-04 11:25:19,0.690s,ERROR
Statement - row = 8,Chrome 66.0.3359.181,,2018-06-04 11:25:19,2018-06-04 11:25:19,0.002s,PASSED
navigateToUrl,Chrome 66.0.3359.181,,2018-06-04 11:25:19,2018-06-04 11:25:19,0.079s,PASSED
Statement - button_CloseDrawer = com.kms.katalon.core.testobject.ObjectRepository.findTestObject(Object Repository/Page_Clientle Unity/button__CloseMenuDrawer),Chrome 66.0.3359.181,,2018-06-04 11:25:19,2018-06-04 11:25:19,0.009s,PASSED
"Statement - If (com.kms.katalon.core.webui.keyword.WebUiBuiltInKeywords.verifyElementPresent(button_CloseDrawer, TimeOut))",Chrome 66.0.3359.181,,2018-06-04 11:25:19,2018-06-04 11:25:19,0.004s,PASSED
,,,,,,
Test Cases/UploadDocuments,Chrome 66.0.3359.181,,2018-06-04 11:25:19,2018-06-04 11:25:20,0.495s,ERROR
waitForElementVisible,Chrome 66.0.3359.181,,2018-06-04 11:25:20,2018-06-04 11:25:20,0.007s,PASSED
