{"devicePlatform":"","logFolder":"C:\\Users\\cbrown\\Katalon Studio\\Encashments\\Reports\\LoadEncashment\\20180604_112505","runData":{"hostName":"CBrown - Bss-L-Cbrown.clientele.local","os":"Windows 7 64bit","katalonVersion":"5.4.2.1","browser":"Chrome 66.0.3359.181","hostAddress":"10.32.88.37","sessionId":"90592d6c887d82f4a11f696236c07083","seleniumVersion":"3.7.1","proxyInformation":"ProxyInformation{proxyOption\u003dNO_PROXY, proxyServerType\u003dHTTP, password\u003d, proxyServerAddress\u003d, proxyServerPort\u003d0}","platform":"Windows 7"},"type":"TEST_SUITE","name":"LoadEncashment","id":"Test Suites/LoadEncashment","source":"","message":"Test Cases/LoadNewEncashment FAILED because (of) groovy.lang.MissingMethodException: No signature of method: static com.kms.katalon.core.webui.keyword.WebUiBuiltInKeywords.verifyElementPresent() is applicable for argument types: (java.lang.String, java.lang.Integer) values: [TestObject - \u0027Object Repository/Page_Clientle Unity/button__CloseMenuDrawer\u0027, ...]\nPossible solutions: verifyElementPresent(com.kms.katalon.core.testobject.TestObject, int), verifyElementPresent(com.kms.katalon.core.testobject.TestObject, int, com.kms.katalon.core.model.FailureHandling), verifyElementNotPresent(com.kms.katalon.core.testobject.TestObject, int), verifyAlertPresent(int), verifyElementNotPresent(com.kms.katalon.core.testobject.TestObject, int, com.kms.katalon.core.model.FailureHandling)","description":"","startTime":1528104307098,"endTime":1528104321177,"childRecords":[{"isOptional":false,"type":"TEST_CASE","name":"Test Cases/EncashmentLogins/LoginCBrown","id":"Test Cases/EncashmentLogins/LoginCBrown","source":"C:\\\\Users\\\\cbrown\\\\Katalon Studio\\\\Encashments\\\\Test Cases\\\\EncashmentLogins\\\\LoginCBrown.tc","message":"Test Cases/EncashmentLogins/LoginCBrown","description":"","startTime":1528104307526,"endTime":1528104319204,"childRecords":[{"testStatus":{"stackTrace":"","statusValue":"INFO"},"type":"MESSAGE","name":"","message":"Evaluating variables for test case","startTime":1528104307570,"endTime":0,"childRecords":[],"interuppted":false},{"index":1,"isIgnoredIfFailed":false,"type":"TEST_STEP","name":"openBrowser","message":"Browser is opened with url: \u0027\u0027","description":"","startTime":1528104307948,"endTime":1528104311490,"childRecords":[{"testStatus":{"stackTrace":"","statusValue":"PASSED"},"type":"MESSAGE","name":"","message":"Browser is opened with url: \u0027\u0027","startTime":1528104311489,"endTime":0,"childRecords":[],"interuppted":false}],"interuppted":false},{"index":2,"isIgnoredIfFailed":false,"type":"TEST_STEP","name":"navigateToUrl","message":"Navigate to \u0027http://unitytest.clientele.local/#/\u0027 successfully","description":"","startTime":1528104311490,"endTime":1528104312669,"childRecords":[{"testStatus":{"stackTrace":"","statusValue":"PASSED"},"type":"MESSAGE","name":"","message":"Navigate to \u0027http://unitytest.clientele.local/#/\u0027 successfully","startTime":1528104312668,"endTime":0,"childRecords":[],"interuppted":false}],"interuppted":false},{"index":3,"isIgnoredIfFailed":false,"type":"TEST_STEP","name":"Statement - myTestObject \u003d new com.kms.katalon.core.testobject.TestObject(HelloWorld)","description":"","startTime":1528104312670,"endTime":1528104312679,"childRecords":[],"interuppted":false},{"index":4,"isIgnoredIfFailed":false,"type":"TEST_STEP","name":"Statement - properties \u003d new java.util.ArrayList()","description":"","startTime":1528104312680,"endTime":1528104312685,"childRecords":[],"interuppted":false},{"index":5,"isIgnoredIfFailed":false,"type":"TEST_STEP","name":"Statement - properties.add(new com.kms.katalon.core.testobject.TestObjectProperty(ng-model, com.kms.katalon.core.testobject.ConditionType.EQUALS, username))","description":"","startTime":1528104312686,"endTime":1528104312703,"childRecords":[],"interuppted":false},{"index":6,"isIgnoredIfFailed":false,"type":"TEST_STEP","name":"Statement - properties.add(new com.kms.katalon.core.testobject.TestObjectProperty(tag, com.kms.katalon.core.testobject.ConditionType.EQUALS, input))","description":"","startTime":1528104312704,"endTime":1528104312705,"childRecords":[],"interuppted":false},{"index":7,"isIgnoredIfFailed":false,"type":"TEST_STEP","name":"Statement - myTestObject.setProperties(properties)","description":"","startTime":1528104312706,"endTime":1528104312709,"childRecords":[],"interuppted":false},{"index":8,"isIgnoredIfFailed":false,"type":"TEST_STEP","name":"setText","message":"Text \u0027TESTing\u0027 is set on object \u0027HelloWorld\u0027","description":"","startTime":1528104312710,"endTime":1528104318713,"childRecords":[{"testStatus":{"stackTrace":"","statusValue":"PASSED"},"type":"MESSAGE","name":"","message":"Text \u0027TESTing\u0027 is set on object \u0027HelloWorld\u0027","startTime":1528104318712,"endTime":0,"childRecords":[],"interuppted":false}],"interuppted":false},{"index":9,"isIgnoredIfFailed":false,"type":"TEST_STEP","name":"Statement - activeProperties \u003d myTestObject.getProperties()","description":"","startTime":1528104318713,"endTime":1528104318715,"childRecords":[],"interuppted":false},{"index":10,"isIgnoredIfFailed":false,"type":"TEST_STEP","name":"Statement - For (def prop : activeProperties)","description":"","startTime":1528104318715,"endTime":1528104318721,"childRecords":[{"index":1,"isIgnoredIfFailed":false,"type":"TEST_STEP","name":"Statement - name","description":"","startTime":1528104318717,"endTime":1528104318719,"childRecords":[],"interuppted":false},{"index":1,"isIgnoredIfFailed":false,"type":"TEST_STEP","name":"Statement - name","description":"","startTime":1528104318719,"endTime":1528104318720,"childRecords":[],"interuppted":false}],"interuppted":false},{"index":11,"isIgnoredIfFailed":false,"type":"TEST_STEP","name":"setText","message":"Text \u0027Cbrown\u0027 is set on object \u0027HelloWorld\u0027","description":"","startTime":1528104318721,"endTime":1528104318860,"childRecords":[{"testStatus":{"stackTrace":"","statusValue":"PASSED"},"type":"MESSAGE","name":"","message":"Text \u0027Cbrown\u0027 is set on object \u0027HelloWorld\u0027","startTime":1528104318859,"endTime":0,"childRecords":[],"interuppted":false}],"interuppted":false},{"index":12,"isIgnoredIfFailed":false,"type":"TEST_STEP","name":"setText","message":"Text \u0027MyMayPwrd!2018\u0027 is set on object \u0027Object Repository/page_UnityLogin_OR/input_password\u0027","description":"","startTime":1528104318860,"endTime":1528104319083,"childRecords":[{"testStatus":{"stackTrace":"","statusValue":"PASSED"},"type":"MESSAGE","name":"","message":"Text \u0027MyMayPwrd!2018\u0027 is set on object \u0027Object Repository/page_UnityLogin_OR/input_password\u0027","startTime":1528104319082,"endTime":0,"childRecords":[],"interuppted":false}],"interuppted":false},{"index":13,"isIgnoredIfFailed":false,"type":"TEST_STEP","name":"click","message":"Object: \u0027Object Repository/page_UnityLogin_OR/button_Log in\u0027 is clicked on","description":"","startTime":1528104319084,"endTime":1528104319203,"childRecords":[{"testStatus":{"stackTrace":"","statusValue":"PASSED"},"type":"MESSAGE","name":"","message":"Object: \u0027Object Repository/page_UnityLogin_OR/button_Log in\u0027 is clicked on","startTime":1528104319202,"endTime":0,"childRecords":[],"interuppted":false}],"interuppted":false},{"testStatus":{"stackTrace":"","statusValue":"PASSED"},"type":"MESSAGE","name":"","message":"Test Cases/EncashmentLogins/LoginCBrown","startTime":1528104319204,"endTime":0,"childRecords":[],"interuppted":false}],"interuppted":false},{"isOptional":false,"type":"TEST_CASE","name":"Test Cases/LoadNewEncashment","id":"Test Cases/LoadNewEncashment","source":"C:\\\\Users\\\\cbrown\\\\Katalon Studio\\\\Encashments\\\\Test Cases\\\\LoadNewEncashment.tc","message":"Test Cases/LoadNewEncashment FAILED because (of) groovy.lang.MissingMethodException: No signature of method: static com.kms.katalon.core.webui.keyword.WebUiBuiltInKeywords.verifyElementPresent() is applicable for argument types: (java.lang.String, java.lang.Integer) values: [TestObject - \u0027Object Repository/Page_Clientle Unity/button__CloseMenuDrawer\u0027, ...]\nPossible solutions: verifyElementPresent(com.kms.katalon.core.testobject.TestObject, int), verifyElementPresent(com.kms.katalon.core.testobject.TestObject, int, com.kms.katalon.core.model.FailureHandling), verifyElementNotPresent(com.kms.katalon.core.testobject.TestObject, int), verifyAlertPresent(int), verifyElementNotPresent(com.kms.katalon.core.testobject.TestObject, int, com.kms.katalon.core.model.FailureHandling)","description":"","startTime":1528104319209,"endTime":1528104319899,"childRecords":[{"testStatus":{"stackTrace":"","statusValue":"INFO"},"type":"MESSAGE","name":"","message":"Evaluating variables for test case","startTime":1528104319254,"endTime":0,"childRecords":[],"interuppted":false},{"index":1,"isIgnoredIfFailed":false,"type":"TEST_STEP","name":"Statement - row \u003d 8","description":"","startTime":1528104319587,"endTime":1528104319589,"childRecords":[],"interuppted":false},{"index":2,"isIgnoredIfFailed":false,"type":"TEST_STEP","name":"navigateToUrl","message":"Navigate to \u0027http://unitytest.clientele.local/#/Encashments/\u0027 successfully","description":"","startTime":1528104319589,"endTime":1528104319668,"childRecords":[{"testStatus":{"stackTrace":"","statusValue":"PASSED"},"type":"MESSAGE","name":"","message":"Navigate to \u0027http://unitytest.clientele.local/#/Encashments/\u0027 successfully","startTime":1528104319668,"endTime":0,"childRecords":[],"interuppted":false}],"interuppted":false},{"index":3,"isIgnoredIfFailed":false,"type":"TEST_STEP","name":"Statement - button_CloseDrawer \u003d com.kms.katalon.core.testobject.ObjectRepository.findTestObject(Object Repository/Page_Clientle Unity/button__CloseMenuDrawer)","message":"Finding Test Object with id \u0027Object Repository/Page_Clientle Unity/button__CloseMenuDrawer\u0027","description":"","startTime":1528104319670,"endTime":1528104319679,"childRecords":[],"interuppted":false},{"index":4,"isIgnoredIfFailed":false,"type":"TEST_STEP","name":"Statement - If (com.kms.katalon.core.webui.keyword.WebUiBuiltInKeywords.verifyElementPresent(button_CloseDrawer, TimeOut))","description":"","startTime":1528104319679,"endTime":1528104319683,"childRecords":[],"interuppted":false},{"testStatus":{"stackTrace":"","statusValue":"ERROR"},"type":"MESSAGE","name":"","message":"Test Cases/LoadNewEncashment FAILED because (of) groovy.lang.MissingMethodException: No signature of method: static com.kms.katalon.core.webui.keyword.WebUiBuiltInKeywords.verifyElementPresent() is applicable for argument types: (java.lang.String, java.lang.Integer) values: [TestObject - \u0027Object Repository/Page_Clientle Unity/button__CloseMenuDrawer\u0027, ...]\nPossible solutions: verifyElementPresent(com.kms.katalon.core.testobject.TestObject, int), verifyElementPresent(com.kms.katalon.core.testobject.TestObject, int, com.kms.katalon.core.model.FailureHandling), verifyElementNotPresent(com.kms.katalon.core.testobject.TestObject, int), verifyAlertPresent(int), verifyElementNotPresent(com.kms.katalon.core.testobject.TestObject, int, com.kms.katalon.core.model.FailureHandling)","startTime":1528104319798,"endTime":0,"childRecords":[],"interuppted":false}],"interuppted":false},{"isOptional":false,"type":"TEST_CASE","name":"Test Cases/UploadDocuments","id":"Test Cases/UploadDocuments","source":"C:\\\\Users\\\\cbrown\\\\Katalon Studio\\\\Encashments\\\\Test Cases\\\\UploadDocuments.tc","message":"Test Cases/UploadDocuments FAILED because (of) groovy.lang.MissingMethodException: No signature of method: static com.kms.katalon.core.webui.keyword.WebUiBuiltInKeywords.waitForElementVisible() is applicable for argument types: (com.kms.katalon.core.testobject.TestObject) values: [TestObject - \u0027Object Repository/Page_Clientle Unity/Page_EncashmentsRequiredDocs_OR/a_Required Documents\u0027]\nPossible solutions: waitForElementVisible(com.kms.katalon.core.testobject.TestObject, int), waitForElementVisible(com.kms.katalon.core.testobject.TestObject, int, com.kms.katalon.core.model.FailureHandling), waitForElementNotVisible(com.kms.katalon.core.testobject.TestObject, int), waitForElementNotVisible(com.kms.katalon.core.testobject.TestObject, int, com.kms.katalon.core.model.FailureHandling)","description":"","startTime":1528104319911,"endTime":1528104320406,"childRecords":[{"testStatus":{"stackTrace":"","statusValue":"INFO"},"type":"MESSAGE","name":"","message":"Evaluating variables for test case","startTime":1528104319929,"endTime":0,"childRecords":[],"interuppted":false},{"index":1,"isIgnoredIfFailed":false,"type":"TEST_STEP","name":"waitForElementVisible","message":"Finding Test Object with id \u0027Object Repository/Page_Clientle Unity/Page_EncashmentsRequiredDocs_OR/a_Required Documents\u0027","description":"","startTime":1528104320146,"endTime":1528104320153,"childRecords":[],"interuppted":false},{"testStatus":{"stackTrace":"","statusValue":"ERROR"},"type":"MESSAGE","name":"","message":"Test Cases/UploadDocuments FAILED because (of) groovy.lang.MissingMethodException: No signature of method: static com.kms.katalon.core.webui.keyword.WebUiBuiltInKeywords.waitForElementVisible() is applicable for argument types: (com.kms.katalon.core.testobject.TestObject) values: [TestObject - \u0027Object Repository/Page_Clientle Unity/Page_EncashmentsRequiredDocs_OR/a_Required Documents\u0027]\nPossible solutions: waitForElementVisible(com.kms.katalon.core.testobject.TestObject, int), waitForElementVisible(com.kms.katalon.core.testobject.TestObject, int, com.kms.katalon.core.model.FailureHandling), waitForElementNotVisible(com.kms.katalon.core.testobject.TestObject, int), waitForElementNotVisible(com.kms.katalon.core.testobject.TestObject, int, com.kms.katalon.core.model.FailureHandling)","startTime":1528104320162,"endTime":0,"childRecords":[],"interuppted":false}],"interuppted":false}],"interuppted":false}